"동별(1)",동별(2),동별(3),2023. 03,2023. 03,2023. 03,2023. 03,2023. 03,2023. 03,2023. 03,2023. 03,2023. 03,2023. 03,2023. 04,2023. 04,2023. 04,2023. 04,2023. 04,2023. 04,2023. 04,2023. 04,2023. 04,2023. 04,2023. 05,2023. 05,2023. 05,2023. 05,2023. 05,2023. 05,2023. 05,2023. 05,2023. 05,2023. 05
"동별(1)",동별(2),동별(3),세대 (세대),합계 (명),합계 (명),합계 (명),한국인 (명),한국인 (명),한국인 (명),외국인 (명),외국인 (명),외국인 (명),세대 (세대),합계 (명),합계 (명),합계 (명),한국인 (명),한국인 (명),한국인 (명),외국인 (명),외국인 (명),외국인 (명),세대 (세대),합계 (명),합계 (명),합계 (명),한국인 (명),한국인 (명),한국인 (명),외국인 (명),외국인 (명),외국인 (명)
"동별(1)",동별(2),동별(3),소계,소계,남자,여자,소계,남자,여자,소계,남자,여자,소계,소계,남자,여자,소계,남자,여자,소계,남자,여자,소계,소계,남자,여자,소계,남자,여자,소계,남자,여자
"합계",소계,소계,4463385,9668008,4672170,4995838,9426404,4566299,4860105,241604,105871,135733,4465391,9667463,4670224,4997239,9422710,4563512,4859198,244753,106712,138041,4467999,9664963,4668113,4996850,9418885,4560702,4858183,246078,107411,138667
"합계",종로구,소계,72679,152212,72819,79393,141060,68170,72890,11152,4649,6503,72644,152013,72711,79302,140891,68079,72812,11122,4632,6490,72584,151745,72557,79188,140601,67923,72678,11144,4634,6510
"합계",종로구,사직동,4588,9371,4203,5168,9106,4050,5056,265,153,112,4584,9371,4203,5168,9104,4047,5057,267,156,111,4580,9378,4201,5177,9104,4040,5064,274,161,113
"합계",종로구,삼청동,1144,2616,1248,1368,2313,1101,1212,303,147,156,1138,2605,1244,1361,2301,1096,1205,304,148,156,1137,2597,1244,1353,2291,1094,1197,306,150,156
"합계",종로구,부암동,4122,9460,4485,4975,9148,4319,4829,312,166,146,4125,9448,4488,4960,9168,4334,4834,280,154,126,4127,9414,4473,4941,9133,4319,4814,281,154,127
"합계",종로구,평창동,7248,17743,8301,9442,17553,8201,9352,190,100,90,7238,17710,8283,9427,17520,8184,9336,190,99,91,7215,17654,8241,9413,17464,8143,9321,190,98,92
"합계",종로구,무악동,3014,8045,3704,4341,8014,3691,4323,31,13,18,3014,8037,3696,4341,8008,3684,4324,29,12,17,3013,8029,3693,4336,8000,3681,4319,29,12,17
"합계",종로구,교남동,4375,9925,4576,5349,9751,4482,5269,174,94,80,4377,9939,4579,5360,9764,4484,5280,175,95,80,4385,9932,4582,5350,9759,4488,5271,173,94,79
"합계",종로구,가회동,1944,4084,1903,2181,3962,1844,2118,122,59,63,1938,4064,1898,2166,3939,1835,2104,125,63,62,1937,4049,1885,2164,3926,1824,2102,123,61,62
"합계",종로구,종로1.2.3.4가동,4947,8711,5025,3686,6740,4099,2641,1971,926,1045,4951,8744,5032,3712,6737,4097,2640,2007,935,1072,4951,8714,5016,3698,6722,4091,2631,1992,925,1067
"합계",종로구,종로5.6가동,3593,5896,3092,2804,5401,2843,2558,495,249,246,3608,5898,3097,2801,5419,2857,2562,479,240,239,3620,5907,3108,2799,5426,2867,2559,481,241,240
"합계",종로구,이화동,4303,7651,3561,4090,7067,3345,3722,584,216,368,4292,7619,3554,4065,7046,3342,3704,573,212,361,4288,7627,3562,4065,7031,3340,3691,596,222,374
"합계",종로구,창신1동,2690,5400,2854,2546,4613,2447,2166,787,407,380,2703,5442,2872,2570,4630,2452,2178,812,420,392,2692,5419,2856,2563,4611,2439,2172,808,417,391
"합계",종로구,창신2동,4006,8760,4484,4276,7650,3937,3713,1110,547,563,4001,8728,4463,4265,7625,3921,3704,1103,542,561,3996,8702,4454,4248,7598,3911,3687,1104,543,561
"합계",종로구,창신3동,2776,6590,3237,3353,6436,3155,3281,154,82,72,2776,6584,3241,3343,6424,3154,3270,160,87,73,2772,6576,3230,3346,6417,3145,3272,159,85,74
"합계",종로구,숭인1동,2966,6069,2900,3169,5772,2783,2989,297,117,180,2974,6082,2906,3176,5778,2786,2992,304,120,184,2978,6082,2909,3173,5768,2784,2984,314,125,189
"합계",종로구,숭인2동,6584,10557,5035,5522,9812,4815,4997,745,220,525,6582,10563,5031,5532,9800,4804,4996,763,227,536,6562,10519,5003,5516,9754,4776,4978,765,227,538
"합계",종로구,청운효자동,5117,11764,5400,6364,11574,5301,6273,190,99,91,5109,11720,5378,6342,11531,5280,6251,189,98,91,5109,11703,5377,6326,11517,5282,6235,186,95,91
"합계",종로구,혜화동,9262,19570,8811,10759,16148,7757,8391,3422,1054,2368,9234,19459,8746,10713,16097,7722,8375,3362,1024,2338,9222,19443,8723,10720,16080,7699,8381,3363,1024,2339
"합계",중구,소계,63862,131390,63576,67814,120963,58699,62264,10427,4877,5550,64081,131772,63679,68093,121250,58806,62444,10522,4873,5649,64260,131998,63779,68219,121346,58845,62501,10652,4934,5718
"합계",중구,소공동,1262,3558,1789,1769,2207,1049,1158,1351,740,611,1262,3544,1777,1767,2210,1047,1163,1334,730,604,1260,3564,1790,1774,2215,1051,1164,1349,739,610
"합계",중구,회현동,2544,5159,2674,2485,4479,2327,2152,680,347,333,2546,5168,2685,2483,4490,2340,2150,678,345,333,2548,5160,2676,2484,4470,2326,2144,690,350,340
"합계",중구,명동,1447,3600,1609,1991,2714,1164,1550,886,445,441,1439,3619,1600,2019,2702,1149,1553,917,451,466,1440,3625,1605,2020,2698,1149,1549,927,456,471
"합계",중구,필동,2442,4845,2431,2414,3973,2063,1910,872,368,504,2438,4888,2424,2464,3957,2055,1902,931,369,562,2449,4919,2429,2490,3958,2050,1908,961,379,582
"합계",중구,장충동,2869,5384,2808,2576,4603,2430,2173,781,378,403,2870,5392,2808,2584,4592,2424,2168,800,384,416,2869,5408,2799,2609,4591,2411,2180,817,388,429
"합계",중구,광희동,3731,7013,3466,3547,5551,2775,2776,1462,691,771,3789,7062,3488,3574,5620,2802,2818,1442,686,756,3848,7131,3525,3606,5675,2829,2846,1456,696,760
"합계",중구,을지로동,1500,2260,1303,957,2012,1185,827,248,118,130,1684,2549,1447,1102,2307,1333,974,242,114,128,1816,2754,1546,1208,2515,1431,1084,239,115,124
"합계",중구,신당5동,5354,10472,5055,5417,10148,4910,5238,324,145,179,5355,10492,5068,5424,10160,4920,5240,332,148,184,5334,10465,5053,5412,10130,4905,5225,335,148,187
"합계",중구,황학동,7398,13693,6442,7251,12812,6082,6730,881,360,521,7426,13719,6453,7266,12818,6081,6737,901,372,529,7433,13725,6458,7267,12818,6079,6739,907,379,528
"합계",중구,중림동,5739,12296,6099,6197,11975,5935,6040,321,164,157,5729,12288,6070,6218,11960,5909,6051,328,161,167,5734,12289,6063,6226,11957,5902,6055,332,161,171
"합계",중구,신당동,4785,9072,4344,4728,7573,3731,3842,1499,613,886,4774,9063,4330,4733,7567,3725,3842,1496,605,891,4748,9023,4312,4711,7512,3705,3807,1511,607,904
"합계",중구,다산동,6838,13926,6707,7219,13450,6509,6941,476,198,278,6829,13900,6693,7207,13419,6489,6930,481,204,277,6831,13901,6697,7204,13410,6487,6923,491,210,281
"합계",중구,약수동,7778,16533,7636,8897,16317,7530,8787,216,106,110,7780,16529,7634,8895,16315,7529,8786,214,105,109,7787,16517,7626,8891,16303,7521,8782,214,105,109
"합계",중구,청구동,6193,13395,6331,7064,13147,6213,6934,248,118,130,6183,13365,6315,7050,13125,6203,6922,240,112,128,6186,13354,6308,7046,13110,6193,6917,244,115,129
"합계",중구,동화동,3982,10184,4882,5302,10002,4796,5206,182,86,96,3977,10194,4887,5307,10008,4800,5208,186,87,99,3977,10163,4892,5271,9984,4806,5178,179,86,93
"합계",용산구,소계,109735,232482,112608,119874,217756,104640,113116,14726,7968,6758,109712,232311,112532,119779,217611,104580,113031,14700,7952,6748,109717,232258,112506,119752,217438,104495,112943,14820,8011,6809
"합계",용산구,후암동,8312,16740,8137,8603,16239,7899,8340,501,238,263,8294,16697,8114,8583,16201,7876,8325,496,238,258,8284,16663,8099,8564,16172,7861,8311,491,238,253
"합계",용산구,용산2가동,5081,10316,5040,5276,9008,4348,4660,1308,692,616,5085,10299,5022,5277,9010,4340,4670,1289,682,607,5092,10306,5034,5272,9006,4348,4658,1300,686,614
"합계",용산구,남영동,5027,7552,4551,3001,7072,4297,2775,480,254,226,4994,7507,4520,2987,7023,4269,2754,484,251,233,4973,7493,4496,2997,6989,4241,2748,504,255,249
"합계",용산구,원효로2동,6143,13779,6478,7301,13668,6430,7238,111,48,63,6170,13813,6497,7316,13705,6452,7253,108,45,63,6181,13800,6477,7323,13690,6432,7258,110,45,65
"합계",용산구,효창동,4721,10902,5177,5725,10764,5113,5651,138,64,74,4724,10895,5166,5729,10754,5104,5650,141,62,79,4734,10910,5179,5731,10769,5117,5652,141,62,79
"합계",용산구,용문동,5321,11613,5553,6060,11498,5510,5988,115,43,72,5318,11599,5542,6057,11483,5500,5983,116,42,74,5319,11579,5537,6042,11464,5497,5967,115,40,75
"합계",용산구,이촌1동,9149,25567,12060,13507,24960,11721,13239,607,339,268,9152,25592,12079,13513,24969,11732,13237,623,347,276,9156,25636,12094,13542,25015,11747,13268,621,347,274
"합계",용산구,이촌2동,3598,8036,3752,4284,7966,3726,4240,70,26,44,3606,8043,3761,4282,7973,3735,4238,70,26,44,3598,8051,3756,4295,7979,3729,4250,72,27,45
"합계",용산구,이태원1동,3473,7965,4203,3762,6136,3031,3105,1829,1172,657,3479,7961,4216,3745,6125,3029,3096,1836,1187,649,3477,7968,4234,3734,6108,3031,3077,1860,1203,657
"합계",용산구,이태원2동,4816,10380,4920,5460,8660,4036,4624,1720,884,836,4819,10381,4925,5456,8670,4045,4625,1711,880,831,4826,10371,4922,5449,8667,4050,4617,1704,872,832
"합계",용산구,서빙고동,5103,13424,6491,6933,12544,6041,6503,880,450,430,5104,13410,6481,6929,12536,6032,6504,874,449,425,5102,13408,6493,6915,12527,6038,6489,881,455,426
"합계",용산구,보광동,7025,13961,7212,6749,12618,6309,6309,1343,903,440,7006,13930,7187,6743,12583,6286,6297,1347,901,446,6992,13870,7172,6698,12523,6267,6256,1347,905,442
"합계",용산구,청파동,11126,19856,9096,10760,19079,8877,10202,777,219,558,11114,19833,9097,10736,19055,8870,10185,778,227,551,11149,19860,9090,10770,19070,8870,10200,790,220,570
"합계",용산구,원효로1동,9256,17781,8318,9463,17149,7974,9175,632,344,288,9283,17806,8338,9468,17168,7995,9173,638,343,295,9293,17789,8329,9460,17139,7975,9164,650,354,296
"합계",용산구,한강로동,11315,22769,10879,11890,21109,10006,11103,1660,873,787,11344,22777,10887,11890,21149,10033,11116,1628,854,774,11326,22799,10899,11900,21135,10024,11111,1664,875,789
"합계",용산구,한남동,10269,21841,10741,11100,19286,9322,9964,2555,1419,1136,10220,21768,10700,11068,19207,9282,9925,2561,1418,1143,10215,21755,10695,11060,19185,9268,9917,2570,1427,1143
"합계",성동구,소계,133513,287240,139171,148069,280240,136233,144007,7000,2938,4062,133503,287261,139093,148168,279980,136059,143921,7281,3034,4247,133551,286951,138945,148006,279760,135931,143829,7191,3014,4177
"합계",성동구,왕십리2동,7397,16651,7995,8656,16284,7838,8446,367,157,210,7386,16646,7990,8656,16251,7820,8431,395,170,225,7368,16630,7983,8647,16236,7816,8420,394,167,227
"합계",성동구,마장동,10935,22598,11086,11512,21959,10832,11127,639,254,385,10940,22620,11094,11526,21971,10838,11133,649,256,393,10936,22553,11069,11484,21914,10817,11097,639,252,387
"합계",성동구,사근동,8297,14020,7041,6979,12121,6353,5768,1899,688,1211,8296,14199,7099,7100,12100,6345,5755,2099,754,1345,8310,14134,7083,7051,12101,6341,5760,2033,742,1291
"합계",성동구,행당1동,6469,14041,6736,7305,13733,6614,7119,308,122,186,6453,13997,6698,7299,13700,6585,7115,297,113,184,6469,14043,6716,7327,13750,6602,7148,293,114,179
"합계",성동구,행당2동,9242,23079,10751,12328,22988,10716,12272,91,35,56,9245,23084,10745,12339,22990,10709,12281,94,36,58,9257,23084,10748,12336,22988,10707,12281,96,41,55
"합계",성동구,응봉동,5933,15007,7130,7877,14953,7106,7847,54,24,30,5937,15008,7137,7871,14951,7110,7841,57,27,30,5949,15018,7131,7887,14959,7104,7855,59,27,32
"합계",성동구,금호1가동,6539,15065,7182,7883,14982,7147,7835,83,35,48,6548,15073,7177,7896,14989,7142,7847,84,35,49,6538,15033,7150,7883,14947,7114,7833,86,36,50
"합계",성동구,금호4가동,6372,14351,6797,7554,14228,6736,7492,123,61,62,6382,14373,6811,7562,14244,6750,7494,129,61,68,6405,14393,6822,7571,14264,6761,7503,129,61,68
"합계",성동구,성수1가1동,7486,15996,7969,8027,15698,7806,7892,298,163,135,7460,15936,7930,8006,15636,7767,7869,300,163,137,7469,15936,7947,7989,15630,7781,7849,306,166,140
"합계",성동구,성수1가2동,5968,12333,6011,6322,12133,5921,6212,200,90,110,5972,12325,6010,6315,12123,5919,6204,202,91,111,5977,12291,5999,6292,12091,5912,6179,200,87,113
"합계",성동구,성수2가1동,7819,15495,8035,7460,15026,7820,7206,469,215,254,7809,15446,8005,7441,14972,7790,7182,474,215,259,7770,15366,7949,7417,14903,7734,7169,463,215,248
"합계",성동구,성수2가3동,5319,10501,5243,5258,10249,5124,5125,252,119,133,5317,10489,5232,5257,10241,5116,5125,248,116,132,5309,10446,5212,5234,10207,5105,5102,239,107,132
"합계",성동구,송정동,5455,10398,5479,4919,10007,5281,4726,391,198,193,5443,10367,5471,4896,9969,5265,4704,398,206,192,5425,10314,5446,4868,9922,5244,4678,392,202,190
"합계",성동구,용답동,7437,12680,6401,6279,11755,6038,5717,925,363,562,7495,12792,6457,6335,11847,6079,5768,945,378,567,7511,12812,6462,6350,11860,6081,5779,952,381,571
"합계",성동구,왕십리도선동,12185,26879,12632,14247,26406,12436,13970,473,196,277,12185,26872,12624,14248,26385,12426,13959,487,198,289,12218,26912,12633,14279,26423,12431,13992,489,202,287
"합계",성동구,금호2.3가동,9922,22337,10681,11656,22165,10604,11561,172,77,95,9898,22278,10649,11629,22108,10573,11535,170,76,94,9892,22243,10633,11610,22073,10557,11516,170,76,94
"합계",성동구,옥수동,10738,25809,12002,13807,25553,11861,13692,256,141,115,10737,25756,11964,13792,25503,11825,13678,253,139,114,10748,25743,11962,13781,25492,11824,13668,251,138,113
"합계",광진구,소계,169787,350925,167983,182942,336801,162209,174592,14124,5774,8350,169725,351038,167983,183055,336558,162071,174487,14480,5912,8568,169950,351137,167971,183166,336580,162020,174560,14557,5951,8606
"합계",광진구,화양동,18273,27334,12467,14867,23450,11171,12279,3884,1296,2588,18234,27312,12434,14878,23379,11116,12263,3933,1318,2615,18258,27342,12423,14919,23406,11106,12300,3936,1317,2619
"합계",광진구,군자동,11396,21410,10534,10876,19340,9576,9764,2070,958,1112,11385,21564,10585,10979,19286,9553,9733,2278,1032,1246,11385,21589,10579,11010,19318,9553,9765,2271,1026,1245
"합계",광진구,중곡1동,8662,15837,7528,8309,15453,7364,8089,384,164,220,8656,15832,7517,8315,15435,7346,8089,397,171,226,8657,15818,7506,8312,15416,7333,8083,402,173,229
"합계",광진구,중곡2동,10641,21197,9964,11233,20856,9828,11028,341,136,205,10648,21156,9938,11218,20817,9804,11013,339,134,205,10667,21142,9941,11201,20801,9807,10994,341,134,207
"합계",광진구,중곡3동,8552,16153,7957,8196,15913,7861,8052,240,96,144,8556,16165,7958,8207,15920,7863,8057,245,95,150,8584,16156,7957,8199,15906,7858,8048,250,99,151
"합계",광진구,중곡4동,13103,28229,13754,14475,27866,13623,14243,363,131,232,13126,28244,13753,14491,27874,13615,14259,370,138,232,13124,28208,13726,14482,27841,13588,14253,367,138,229
"합계",광진구,능동,6435,11522,5298,6224,11163,5131,6032,359,167,192,6441,11568,5321,6247,11163,5124,6039,405,197,208,6463,11579,5328,6251,11180,5130,6050,399,198,201
"합계",광진구,구의1동,13131,24096,11451,12645,23424,11181,12243,672,270,402,13103,24036,11424,12612,23364,11155,12209,672,269,403,13139,24040,11447,12593,23365,11174,12191,675,273,402
"합계",광진구,구의2동,11508,26403,12610,13793,25864,12385,13479,539,225,314,11510,26412,12611,13801,25857,12380,13477,555,231,324,11517,26431,12611,13820,25875,12379,13496,556,232,324
"합계",광진구,구의3동,12118,28404,13380,15024,28173,13284,14889,231,96,135,12094,28368,13360,15008,28128,13260,14868,240,100,140,12128,28383,13376,15007,28140,13274,14866,243,102,141
"합계",광진구,광장동,11811,34245,16559,17686,34044,16468,17576,201,91,110,11818,34257,16570,17687,34062,16482,17580,195,88,107,11824,34256,16576,17680,34061,16489,17572,195,87,108
"합계",광진구,자양1동,12024,22854,11072,11782,22007,10710,11297,847,362,485,12066,22931,11120,11811,22089,10761,11328,842,359,483,12093,22991,11134,11857,22134,10772,11362,857,362,495
"합계",광진구,자양2동,10855,24110,11682,12428,23802,11546,12256,308,136,172,10823,24054,11654,12400,23743,11519,12224,311,135,176,10837,24059,11656,12403,23745,11521,12224,314,135,179
"합계",광진구,자양3동,11002,27769,13252,14517,27457,13117,14340,312,135,177,10998,27787,13276,14511,27465,13136,14329,322,140,182,11004,27759,13245,14514,27434,13104,14330,325,141,184
"합계",광진구,자양4동,10276,21362,10475,10887,17989,8964,9025,3373,1511,1862,10267,21352,10462,10890,17976,8957,9019,3376,1505,1871,10270,21384,10466,10918,17958,8932,9026,3426,1534,1892
"합계",동대문구,소계,171140,354884,172178,182706,337574,165933,171641,17310,6245,11065,171288,355244,172196,183048,337692,165936,171756,17552,6260,11292,171388,355405,172202,183203,337680,165868,171812,17725,6334,11391
"합계",동대문구,회기동,6775,13678,6147,7531,10548,5038,5510,3130,1109,2021,6740,13637,6106,7531,10496,4998,5498,3141,1108,2033,6751,13672,6105,7567,10513,4994,5519,3159,1111,2048
"합계",동대문구,휘경1동,7873,16340,7361,8979,14010,6597,7413,2330,764,1566,7836,16318,7343,8975,13963,6577,7386,2355,766,1589,7823,16335,7344,8991,13943,6574,7369,2392,770,1622
"합계",동대문구,휘경2동,12815,25390,12517,12873,24509,12205,12304,881,312,569,12804,25377,12497,12880,24493,12190,12303,884,307,577,12788,25355,12495,12860,24445,12179,12266,910,316,594
"합계",동대문구,청량리동,9763,19102,9454,9648,18608,9260,9348,494,194,300,9906,19261,9500,9761,18739,9299,9440,522,201,321,10025,19391,9550,9841,18853,9343,9510,538,207,331
"합계",동대문구,용신동,20477,36842,18029,18813,35219,17467,17752,1623,562,1061,20574,37027,18102,18925,35393,17539,17854,1634,563,1071,20608,37076,18096,18980,35437,17527,17910,1639,569,1070
"합계",동대문구,제기동,13492,26468,13181,13287,24133,12353,11780,2335,828,1507,13468,26430,13158,13272,24104,12340,11764,2326,818,1508,13474,26447,13167,13280,24103,12340,11763,2344,827,1517
"합계",동대문구,전농1동,14844,29353,14510,14843,28749,14289,14460,604,221,383,14846,29352,14509,14843,28734,14281,14453,618,228,390,14850,29349,14512,14837,28722,14280,14442,627,232,395
"합계",동대문구,전농2동,7553,18656,8868,9788,18108,8677,9431,548,191,357,7564,18611,8839,9772,18121,8680,9441,490,159,331,7562,18591,8834,9757,18104,8670,9434,487,164,323
"합계",동대문구,답십리2동,12506,27955,13504,14451,27694,13381,14313,261,123,138,12522,27960,13514,14446,27699,13394,14305,261,120,141,12519,27964,13513,14451,27699,13392,14307,265,121,144
"합계",동대문구,장안1동,18489,38611,19001,19610,37975,18750,19225,636,251,385,18446,38531,18972,19559,37893,18720,19173,638,252,386,18410,38452,18920,19532,37814,18668,19146,638,252,386
"합계",동대문구,장안2동,14192,32672,16161,16511,32373,16053,16320,299,108,191,14235,32747,16184,16563,32449,16077,16372,298,107,191,14260,32790,16226,16564,32488,16115,16373,302,111,191
"합계",동대문구,이문1동,10794,21266,10096,11170,17993,8920,9073,3273,1176,2097,10782,21440,10125,11315,17968,8912,9056,3472,1213,2259,10770,21446,10113,11333,17951,8884,9067,3495,1229,2266
"합계",동대문구,이문2동,8707,20075,9644,10431,19583,9424,10159,492,220,272,8704,20075,9631,10444,19573,9405,10168,502,226,276,8691,20059,9615,10444,19551,9386,10165,508,229,279
"합계",동대문구,답십리1동,12860,28476,13705,14771,28072,13519,14553,404,186,218,12861,28478,13716,14762,28067,13524,14543,411,192,219,12857,28478,13712,14766,28057,13516,14541,421,196,225
"합계",중랑구,소계,187898,389928,191122,198806,385003,189186,195817,4925,1936,2989,187977,389815,191046,198769,384867,189099,195768,4948,1947,3001,188020,389627,190973,198654,384650,189019,195631,4977,1954,3023
"합계",중랑구,면목2동,12219,24155,11988,12167,23786,11845,11941,369,143,226,12234,24155,11987,12168,23786,11841,11945,369,146,223,12237,24144,11980,12164,23770,11830,11940,374,150,224
"합계",중랑구,면목4동,8937,18645,9231,9414,18358,9115,9243,287,116,171,8949,18643,9247,9396,18357,9131,9226,286,116,170,8954,18663,9259,9404,18370,9142,9228,293,117,176
"합계",중랑구,면목5동,6459,14793,7375,7418,14670,7336,7334,123,39,84,6454,14801,7385,7416,14681,7347,7334,120,38,82,6457,14822,7393,7429,14696,7354,7342,126,39,87
"합계",중랑구,면목7동,10613,21774,10843,10931,21443,10717,10726,331,126,205,10619,21769,10834,10935,21433,10707,10726,336,127,209,10614,21742,10814,10928,21416,10692,10724,326,122,204
"합계",중랑구,상봉1동,10112,23555,11419,12136,23393,11351,12042,162,68,94,10118,23541,11417,12124,23379,11351,12028,162,66,96,10116,23532,11417,12115,23367,11350,12017,165,67,98
"합계",중랑구,상봉2동,12355,20615,9869,10746,20238,9723,10515,377,146,231,12373,20599,9852,10747,20215,9704,10511,384,148,236,12387,20636,9877,10759,20247,9725,10522,389,152,237
"합계",중랑구,중화1동,8992,19232,9435,9797,19045,9372,9673,187,63,124,8980,19225,9424,9801,19037,9358,9679,188,66,122,8977,19176,9401,9775,18987,9332,9655,189,69,120
"합계",중랑구,중화2동,13634,24773,12661,12112,24334,12483,11851,439,178,261,13638,24755,12645,12110,24315,12469,11846,440,176,264,13620,24690,12629,12061,24255,12455,11800,435,174,261
"합계",중랑구,묵1동,14969,34217,16310,17907,33997,16229,17768,220,81,139,14977,34203,16319,17884,33983,16237,17746,220,82,138,14978,34151,16288,17863,33929,16208,17721,222,80,142
"합계",중랑구,묵2동,9286,18653,9090,9563,18398,8990,9408,255,100,155,9281,18616,9066,9550,18354,8964,9390,262,102,160,9282,18620,9081,9539,18355,8976,9379,265,105,160
"합계",중랑구,망우3동,8208,16243,8145,8098,15876,7991,7885,367,154,213,8206,16254,8143,8111,15882,7986,7896,372,157,215,8218,16223,8116,8107,15847,7958,7889,376,158,218
"합계",중랑구,신내1동,14901,38419,18531,19888,38265,18463,19802,154,68,86,14928,38487,18578,19909,38332,18509,19823,155,69,86,14936,38484,18587,19897,38326,18515,19811,158,72,86
"합계",중랑구,신내2동,8958,20036,9504,10532,19952,9479,10473,84,25,59,8950,19974,9468,10506,19891,9444,10447,83,24,59,8942,19954,9449,10505,19870,9425,10445,84,24,60
"합계",중랑구,면목본동,17791,33752,16585,17167,33031,16302,16729,721,283,438,17774,33672,16515,17157,32948,16231,16717,724,284,440,17770,33685,16542,17143,32958,16259,16699,727,283,444
"합계",중랑구,면목3.8동,12834,25058,12383,12675,24623,12194,12429,435,189,246,12867,25131,12435,12696,24698,12247,12451,433,188,245,12850,25088,12400,12688,24650,12211,12439,438,189,249
"합계",중랑구,망우본동,17630,36008,17753,18255,35594,17596,17998,414,157,257,17629,35990,17731,18259,35576,17573,18003,414,158,256,17682,36017,17740,18277,35607,17587,18020,410,153,257
"합계",성북구,소계,197859,441855,210937,230918,430100,206634,223466,11755,4303,7452,197801,441853,210745,231108,429751,206367,223384,12102,4378,7724,197906,441788,210715,231073,429689,206319,223370,12099,4396,7703
"합계",성북구,돈암1동,6051,14489,6740,7749,14385,6703,7682,104,37,67,6053,14481,6730,7751,14375,6691,7684,106,39,67,6056,14453,6723,7730,14349,6684,7665,104,39,65
"합계",성북구,돈암2동,8501,23565,11136,12429,23460,11091,12369,105,45,60,8527,23631,11162,12469,23520,11114,12406,111,48,63,8532,23642,11175,12467,23528,11126,12402,114,49,65
"합계",성북구,안암동,9911,17248,8292,8956,15123,7610,7513,2125,682,1443,9907,17343,8279,9064,15110,7608,7502,2233,671,1562,9937,17350,8288,9062,15120,7618,7502,2230,670,1560
"합계",성북구,보문동,8157,16719,7966,8753,16312,7798,8514,407,168,239,8142,16694,7949,8745,16282,7783,8499,412,166,246,8150,16710,7960,8750,16305,7801,8504,405,159,246
"합계",성북구,정릉1동,7337,18121,8648,9473,17894,8564,9330,227,84,143,7343,18098,8636,9462,17861,8550,9311,237,86,151,7355,18094,8639,9455,17861,8553,9308,233,86,147
"합계",성북구,정릉2동,9895,22893,11025,11868,22657,10958,11699,236,67,169,9881,22873,11007,11866,22627,10934,11693,246,73,173,9924,22927,11031,11896,22675,10953,11722,252,78,174
"합계",성북구,정릉3동,8283,16638,8156,8482,15176,7552,7624,1462,604,858,8264,16723,8191,8532,15126,7540,7586,1597,651,946,8290,16739,8208,8531,15154,7553,7601,1585,655,930
"합계",성북구,정릉4동,10816,24842,11806,13036,24417,11688,12729,425,118,307,10807,24839,11785,13054,24383,11664,12719,456,121,335,10806,24801,11776,13025,24338,11652,12686,463,124,339
"합계",성북구,길음1동,12433,34896,16512,18384,34745,16452,18293,151,60,91,12436,34907,16503,18404,34756,16443,18313,151,60,91,12449,34947,16523,18424,34801,16463,18338,146,60,86
"합계",성북구,길음2동,8642,21822,10471,11351,21674,10400,11274,148,71,77,8688,21882,10499,11383,21736,10429,11307,146,70,76,8746,21984,10540,11444,21844,10475,11369,140,65,75
"합계",성북구,월곡1동,10859,26152,12573,13579,25925,12497,13428,227,76,151,10850,26107,12558,13549,25887,12486,13401,220,72,148,10840,26079,12546,13533,25859,12472,13387,220,74,146
"합계",성북구,월곡2동,9742,19785,9400,10385,19188,9162,10026,597,238,359,9754,19774,9398,10376,19181,9159,10022,593,239,354,9756,19757,9373,10384,19169,9135,10034,588,238,350
"합계",성북구,장위1동,10695,24006,11660,12346,23798,11583,12215,208,77,131,10698,24006,11654,12352,23791,11571,12220,215,83,132,10680,23951,11626,12325,23732,11540,12192,219,86,133
"합계",성북구,장위2동,6653,13595,6656,6939,13363,6564,6799,232,92,140,6635,13554,6625,6929,13318,6533,6785,236,92,144,6631,13531,6603,6928,13286,6507,6779,245,96,149
"합계",성북구,장위3동,6524,15920,7800,8120,15772,7731,8041,148,69,79,6529,15932,7804,8128,15786,7736,8050,146,68,78,6530,15930,7812,8118,15788,7748,8040,142,64,78
"합계",성북구,성북동,8180,16809,7796,9013,16184,7534,8650,625,262,363,8177,16793,7780,9013,16156,7507,8649,637,273,364,8155,16734,7751,8983,16091,7474,8617,643,277,366
"합계",성북구,삼선동,11525,23101,10875,12226,22473,10688,11785,628,187,441,11533,23108,10858,12250,22489,10675,11814,619,183,436,11521,23085,10847,12238,22466,10662,11804,619,185,434
"합계",성북구,동선동,9654,15954,6506,9448,15079,6240,8839,875,266,609,9609,15914,6471,9443,15027,6207,8820,887,264,623,9612,15934,6475,9459,15030,6206,8824,904,269,635
"합계",성북구,종암동,17194,40050,19558,20492,38095,18850,19245,1955,708,1247,17183,40020,19541,20479,38054,18818,19236,1966,723,1243,17170,39998,19517,20481,38048,18794,19254,1950,723,1227
"합계",성북구,석관동,16807,35250,17361,17889,34380,16969,17411,870,392,478,16785,35174,17315,17859,34286,16919,17367,888,396,492,16766,35142,17302,17840,34245,16903,17342,897,399,498
"합계",강북구,소계,144557,296934,143493,153441,292762,142028,150734,4172,1465,2707,144559,296635,143330,153305,292383,141837,150546,4252,1493,2759,144577,296280,143096,153184,291959,141577,150382,4321,1519,2802
"합계",강북구,번1동,10439,18592,9255,9337,18091,9081,9010,501,174,327,10416,18549,9230,9319,18034,9047,8987,515,183,332,10419,18535,9202,9333,18003,9014,8989,532,188,344
"합계",강북구,번2동,7495,15295,7369,7926,15210,7343,7867,85,26,59,7488,15276,7344,7932,15190,7318,7872,86,26,60,7471,15227,7308,7919,15142,7282,7860,85,26,59
"합계",강북구,번3동,7420,16315,7600,8715,16251,7586,8665,64,14,50,7539,16431,7649,8782,16364,7632,8732,67,17,50,7626,16528,7694,8834,16462,7678,8784,66,16,50
"합계",강북구,수유1동,10494,20491,10019,10472,20230,9929,10301,261,90,171,10491,20463,9995,10468,20195,9903,10292,268,92,176,10477,20424,9961,10463,20146,9865,10281,278,96,182
"합계",강북구,수유2동,9869,20986,9942,11044,20823,9893,10930,163,49,114,9869,20973,9931,11042,20803,9882,10921,170,49,121,9863,20971,9932,11039,20797,9882,10915,174,50,124
"합계",강북구,수유3동,13487,23882,11633,12249,23065,11372,11693,817,261,556,13474,23852,11606,12246,23028,11345,11683,824,261,563,13498,23832,11581,12251,23014,11328,11686,818,253,565
"합계",강북구,삼양동,10916,23011,11428,11583,22819,11363,11456,192,65,127,10903,22976,11416,11560,22787,11351,11436,189,65,124,10899,22938,11396,11542,22746,11327,11419,192,69,123
"합계",강북구,미아동,11700,21692,10328,11364,21136,10134,11002,556,194,362,11710,21684,10319,11365,21107,10118,10989,577,201,376,11716,21688,10307,11381,21095,10096,10999,593,211,382
"합계",강북구,송중동,14000,29774,14306,15468,29146,14052,15094,628,254,374,13986,29719,14288,15431,29088,14037,15051,631,251,380,13943,29650,14252,15398,28997,13992,15005,653,260,393
"합계",강북구,송천동,13331,25875,12774,13101,25459,12607,12852,416,167,249,13301,25801,12745,13056,25377,12573,12804,424,172,252,13256,25656,12686,12970,25229,12510,12719,427,176,251
"합계",강북구,삼각산동,11508,30887,14810,16077,30778,14762,16016,109,48,61,11511,30872,14799,16073,30761,14751,16010,111,48,63,11525,30846,14798,16048,30735,14750,15985,111,48,63
"합계",강북구,우이동,9595,20318,9723,10595,20152,9667,10485,166,56,110,9603,20296,9716,10580,20124,9656,10468,172,60,112,9607,20269,9699,10570,20098,9642,10456,171,57,114
"합계",강북구,인수동,14303,29816,14306,15510,29602,14239,15363,214,67,147,14268,29743,14292,15451,29525,14224,15301,218,68,150,14277,29716,14280,15436,29495,14211,15284,221,69,152
"합계",도봉구,소계,138376,312858,151589,161269,310509,150806,159703,2349,783,1566,138314,312362,151319,161043,310023,150535,159488,2339,784,1555,138289,311994,151124,160870,309622,150317,159305,2372,807,1565
"합계",도봉구,쌍문1동,9458,21421,10119,11302,20951,10045,10906,470,74,396,9455,21350,10084,11266,20912,10011,10901,438,73,365,9458,21338,10079,11259,20906,10004,10902,432,75,357
"합계",도봉구,쌍문2동,8544,18387,8766,9621,18244,8695,9549,143,71,72,8555,18371,8761,9610,18231,8691,9540,140,70,70,8556,18354,8740,9614,18210,8671,9539,144,69,75
"합계",도봉구,쌍문3동,8252,16902,8109,8793,16746,8053,8693,156,56,100,8242,16845,8076,8769,16681,8021,8660,164,55,109,8241,16839,8067,8772,16667,8011,8656,172,56,116
"합계",도봉구,쌍문4동,7098,18317,8641,9676,18268,8635,9633,49,6,43,7098,18313,8623,9690,18262,8617,9645,51,6,45,7080,18258,8590,9668,18204,8583,9621,54,7,47
"합계",도봉구,방학1동,12967,28345,14027,14318,28102,13934,14168,243,93,150,12956,28304,14000,14304,28059,13907,14152,245,93,152,12966,28270,13974,14296,28029,13883,14146,241,91,150
"합계",도봉구,방학2동,9255,19185,9682,9503,18991,9596,9395,194,86,108,9244,19139,9658,9481,18943,9571,9372,196,87,109,9230,19074,9638,9436,18882,9552,9330,192,86,106
"합계",도봉구,방학3동,9929,26471,12798,13673,26404,12779,13625,67,19,48,9931,26451,12790,13661,26385,12771,13614,66,19,47,9930,26412,12769,13643,26344,12749,13595,68,20,48
"합계",도봉구,창1동,10982,24417,11619,12798,24277,11567,12710,140,52,88,10984,24387,11596,12791,24239,11542,12697,148,54,94,10978,24376,11612,12764,24221,11553,12668,155,59,96
"합계",도봉구,창2동,12582,28832,13970,14862,28537,13859,14678,295,111,184,12582,28770,13948,14822,28482,13841,14641,288,107,181,12581,28743,13932,14811,28458,13824,14634,285,108,177
"합계",도봉구,창3동,6458,13528,6730,6798,13438,6699,6739,90,31,59,6453,13490,6712,6778,13392,6677,6715,98,35,63,6458,13494,6702,6792,13392,6665,6727,102,37,65
"합계",도봉구,창4동,10552,26038,12474,13564,25933,12434,13499,105,40,65,10549,26023,12471,13552,25919,12431,13488,104,40,64,10550,26029,12481,13548,25925,12441,13484,104,40,64
"합계",도봉구,창5동,10286,24262,11587,12675,24149,11553,12596,113,34,79,10281,24211,11567,12644,24090,11530,12560,121,37,84,10273,24173,11532,12641,24050,11492,12558,123,40,83
"합계",도봉구,도봉1동,10289,20541,10255,10286,20388,10199,10189,153,56,97,10261,20482,10225,10257,20335,10171,10164,147,54,93,10260,20445,10210,10235,20295,10154,10141,150,56,94
"합계",도봉구,도봉2동,11724,26212,12812,13400,26081,12758,13323,131,54,77,11723,26226,12808,13418,26093,12754,13339,133,54,79,11728,26189,12798,13391,26039,12735,13304,150,63,87
"합계",노원구,소계,218341,506989,243433,263556,502515,241532,260983,4474,1901,2573,218262,506359,243092,263267,501838,241168,260670,4521,1924,2597,218187,505780,242787,262993,501237,240844,260393,4543,1943,2600
"합계",노원구,월계1동,10091,21535,11058,10477,20886,10735,10151,649,323,326,10059,21519,11040,10479,20842,10710,10132,677,330,347,10053,21497,11025,10472,20822,10691,10131,675,334,341
"합계",노원구,월계2동,11800,26060,12510,13550,25918,12457,13461,142,53,89,11794,26023,12481,13542,25882,12428,13454,141,53,88,11789,26007,12472,13535,25859,12418,13441,148,54,94
"합계",노원구,월계3동,12893,29193,13948,15245,29022,13884,15138,171,64,107,12897,29199,13950,15249,29030,13889,15141,169,61,108,12893,29158,13940,15218,28992,13880,15112,166,60,106
"합계",노원구,공릉2동,17835,42672,20724,21948,41817,20387,21430,855,337,518,17815,42636,20694,21942,41777,20349,21428,859,345,514,17810,42637,20681,21956,41781,20340,21441,856,341,515
"합계",노원구,하계1동,12642,27539,13213,14326,26958,12948,14010,581,265,316,12662,27528,13203,14325,26942,12936,14006,586,267,319,12618,27411,13135,14276,26829,12869,13960,582,266,316
"합계",노원구,하계2동,8188,21525,10218,11307,21472,10196,11276,53,22,31,8176,21499,10203,11296,21445,10181,11264,54,22,32,8168,21455,10186,11269,21401,10164,11237,54,22,32
"합계",노원구,중계본동,8193,23314,11320,11994,23257,11301,11956,57,19,38,8173,23241,11282,11959,23182,11261,11921,59,21,38,8174,23218,11258,11960,23159,11237,11922,59,21,38
"합계",노원구,중계1동,8915,26504,12914,13590,26405,12880,13525,99,34,65,8921,26525,12936,13589,26427,12902,13525,98,34,64,8920,26496,12924,13572,26395,12888,13507,101,36,65
"합계",노원구,중계4동,8234,19522,9378,10144,19419,9310,10109,103,68,35,8241,19515,9373,10142,19412,9305,10107,103,68,35,8241,19501,9364,10137,19389,9286,10103,112,78,34
"합계",노원구,상계1동,15663,37724,18188,19536,37569,18135,19434,155,53,102,15643,37623,18122,19501,37470,18069,19401,153,53,100,15637,37561,18087,19474,37408,18034,19374,153,53,100
"합계",노원구,상계2동,8602,19623,9647,9976,19462,9580,9882,161,67,94,8610,19587,9634,9953,19427,9566,9861,160,68,92,8617,19582,9626,9956,19419,9557,9862,163,69,94
"합계",노원구,상계5동,10944,23568,11394,12174,23430,11347,12083,138,47,91,10962,23551,11387,12164,23413,11341,12072,138,46,92,10948,23498,11373,12125,23355,11326,12029,143,47,96
"합계",노원구,상계8동,9143,22225,10585,11640,22174,10572,11602,51,13,38,9144,22197,10583,11614,22148,10571,11577,49,12,37,9138,22155,10567,11588,22106,10555,11551,49,12,37
"합계",노원구,상계9동,8321,19969,9333,10636,19879,9303,10576,90,30,60,8337,19975,9335,10640,19885,9306,10579,90,29,61,8340,19950,9331,10619,19860,9301,10559,90,30,60
"합계",노원구,상계10동,7630,18374,8442,9932,18315,8419,9896,59,23,36,7630,18349,8446,9903,18289,8423,9866,60,23,37,7649,18378,8466,9912,18313,8442,9871,65,24,41
"합계",노원구,상계3.4동,11606,25187,12551,12636,25074,12514,12560,113,37,76,11605,25169,12537,12632,25050,12499,12551,119,38,81,11603,25146,12513,12633,25024,12473,12551,122,40,82
"합계",노원구,상계6.7동,13900,32036,14773,17263,31901,14725,17176,135,48,87,13901,31990,14757,17233,31849,14706,17143,141,51,90,13909,31973,14744,17229,31827,14690,17137,146,54,92
"합계",노원구,중계2.3동,15093,33274,15210,18064,33143,15169,17974,131,41,90,15079,33198,15174,18024,33067,15133,17934,131,41,90,15073,33153,15166,17987,33023,15125,17898,130,41,89
"합계",노원구,공릉1동,18648,37145,18027,19118,36414,17670,18744,731,357,374,18613,37035,17955,19080,36301,17593,18708,734,362,372,18607,37004,17929,19075,36275,17568,18707,729,361,368
"합계",은평구,소계,213989,468766,222911,245855,464871,221350,243521,3895,1561,2334,213907,468157,222479,245678,464217,220904,243313,3940,1575,2365,213830,467582,222130,245452,463612,220559,243053,3970,1571,2399
"합계",은평구,녹번동,17652,36747,17278,19469,36375,17110,19265,372,168,204,17654,36740,17263,19477,36363,17093,19270,377,170,207,17668,36740,17264,19476,36358,17093,19265,382,171,211
"합계",은평구,불광1동,17785,38105,17903,20202,37837,17793,20044,268,110,158,17766,38054,17855,20199,37780,17744,20036,274,111,163,17755,38032,17830,20202,37765,17723,20042,267,107,160
"합계",은평구,갈현1동,7707,15401,7473,7928,15249,7405,7844,152,68,84,7633,15233,7406,7827,15080,7340,7740,153,66,87,7566,15099,7338,7761,14942,7270,7672,157,68,89
"합계",은평구,갈현2동,12631,28106,13258,14848,27842,13157,14685,264,101,163,12589,28012,13204,14808,27752,13103,14649,260,101,159,12576,27981,13197,14784,27726,13098,14628,255,99,156
"합계",은평구,구산동,13495,31967,15576,16391,31758,15488,16270,209,88,121,13522,31947,15537,16410,31731,15448,16283,216,89,127,13533,31911,15498,16413,31690,15408,16282,221,90,131
"합계",은평구,대조동,15138,27657,12775,14882,27311,12642,14669,346,133,213,15162,27656,12777,14879,27312,12646,14666,344,131,213,15137,27564,12736,14828,27212,12602,14610,352,134,218
"합계",은평구,응암1동,15100,33266,15608,17658,32945,15482,17463,321,126,195,15120,33263,15584,17679,32942,15457,17485,321,127,194,15104,33226,15561,17665,32907,15437,17470,319,124,195
"합계",은평구,응암2동,11222,27917,13485,14432,27717,13397,14320,200,88,112,11211,27880,13458,14422,27681,13372,14309,199,86,113,11218,27878,13469,14409,27680,13382,14298,198,87,111
"합계",은평구,신사1동,12018,26945,12917,14028,26741,12847,13894,204,70,134,12034,26936,12912,14024,26733,12843,13890,203,69,134,12036,26864,12865,13999,26661,12797,13864,203,68,135
"합계",은평구,신사2동,8757,19369,9610,9759,19240,9569,9671,129,41,88,8761,19350,9590,9760,19208,9546,9662,142,44,98,8757,19332,9576,9756,19186,9532,9654,146,44,102
"합계",은평구,증산동,8032,18678,9100,9578,18534,9031,9503,144,69,75,8027,18646,9076,9570,18495,9006,9489,151,70,81,8023,18634,9055,9579,18476,8982,9494,158,73,85
"합계",은평구,수색동,5560,13195,6419,6776,13118,6388,6730,77,31,46,5583,13229,6441,6788,13149,6409,6740,80,32,48,5591,13242,6453,6789,13161,6420,6741,81,33,48
"합계",은평구,진관동,21429,55043,25676,29367,54832,25599,29233,211,77,134,21413,54991,25646,29345,54782,25569,29213,209,77,132,21415,54958,25614,29344,54743,25536,29207,215,78,137
"합계",은평구,불광2동,14111,27331,13158,14173,27096,13070,14026,235,88,147,14111,27321,13157,14164,27083,13066,14017,238,91,147,14110,27280,13125,14155,27045,13039,14006,235,86,149
"합계",은평구,응암3동,12567,24145,11620,12525,23786,11473,12313,359,147,212,12546,24072,11578,12494,23706,11426,12280,366,152,214,12556,24054,11559,12495,23680,11405,12275,374,154,220
"합계",은평구,역촌동,20785,44894,21055,23839,44490,20899,23591,404,156,248,20775,44827,20995,23832,44420,20836,23584,407,159,248,20785,44787,20990,23797,44380,20835,23545,407,155,252
"합계",서대문구,소계,147146,321966,151089,170877,308437,146732,161705,13529,4357,9172,147183,322470,151126,171344,308338,146684,161654,14132,4442,9690,147197,322360,151016,171344,308208,146572,161636,14152,4444,9708
"합계",서대문구,천연동,7626,16895,7986,8909,16691,7877,8814,204,109,95,7635,16917,8002,8915,16713,7892,8821,204,110,94,7643,16908,7980,8928,16708,7871,8837,200,109,91
"합계",서대문구,홍제1동,11014,25072,11700,13372,24818,11600,13218,254,100,154,11040,25103,11715,13388,24850,11613,13237,253,102,151,11036,25090,11709,13381,24840,11606,13234,250,103,147
"합계",서대문구,홍제3동,7999,17894,8574,9320,17724,8502,9222,170,72,98,8000,17907,8580,9327,17739,8508,9231,168,72,96,8008,17929,8583,9346,17760,8511,9249,169,72,97
"합계",서대문구,홍제2동,5761,13388,6255,7133,13284,6210,7074,104,45,59,5769,13357,6235,7122,13254,6191,7063,103,44,59,5776,13342,6226,7116,13243,6184,7059,99,42,57
"합계",서대문구,홍은1동,9790,22659,10924,11735,22426,10834,11592,233,90,143,9790,22655,10914,11741,22427,10825,11602,228,89,139,9772,22632,10904,11728,22403,10815,11588,229,89,140
"합계",서대문구,홍은2동,13216,29474,14069,15405,28700,13788,14912,774,281,493,13235,29527,14096,15431,28738,13810,14928,789,286,503,13231,29550,14091,15459,28759,13808,14951,791,283,508
"합계",서대문구,남가좌1동,6159,16968,8123,8845,16736,8025,8711,232,98,134,6160,16945,8114,8831,16711,8016,8695,234,98,136,6168,16971,8105,8866,16729,8006,8723,242,99,143
"합계",서대문구,남가좌2동,13385,30589,14571,16018,29332,14157,15175,1257,414,843,13349,30530,14543,15987,29252,14130,15122,1278,413,865,13372,30523,14547,15976,29262,14136,15126,1261,411,850
"합계",서대문구,북가좌1동,6848,17815,8516,9299,17721,8481,9240,94,35,59,6855,17846,8532,9314,17749,8496,9253,97,36,61,6835,17799,8513,9286,17702,8478,9224,97,35,62
"합계",서대문구,북가좌2동,14579,31228,15141,16087,30907,15024,15883,321,117,204,14560,31137,15106,16031,30816,14987,15829,321,119,202,14568,31143,15101,16042,30815,14981,15834,328,120,208
"합계",서대문구,충현동,10081,20279,9726,10553,19817,9520,10297,462,206,256,10087,20296,9740,10556,19816,9523,10293,480,217,263,10105,20295,9756,10539,19815,9541,10274,480,215,265
"합계",서대문구,북아현동,7074,15833,7562,8271,15549,7445,8104,284,117,167,7077,15847,7568,8279,15544,7443,8101,303,125,178,7086,15831,7562,8269,15536,7442,8094,295,120,175
"합계",서대문구,신촌동,14890,26455,10288,16167,20392,8876,11516,6063,1412,4651,14908,26984,10338,16646,20409,8867,11542,6575,1471,5104,14898,26981,10322,16659,20365,8833,11532,6616,1489,5127
"합계",서대문구,연희동,18724,37417,17654,19763,34340,16393,17947,3077,1261,1816,18718,37419,17643,19776,34320,16383,17937,3099,1260,1839,18699,37366,17617,19749,34271,16360,17911,3095,1257,1838
"합계",마포구,소계,181034,376542,175162,201380,365570,171215,194355,10972,3947,7025,180976,376615,175096,201519,365287,171058,194229,11328,4038,7290,181093,376612,174967,201645,365283,170922,194361,11329,4045,7284
"합계",마포구,용강동,9265,21682,10233,11449,21266,10035,11231,416,198,218,9268,21706,10239,11467,21278,10040,11238,428,199,229,9282,21723,10250,11473,21291,10049,11242,432,201,231
"합계",마포구,대흥동,8823,16154,7568,8586,14526,7055,7471,1628,513,1115,8801,16235,7597,8638,14480,7048,7432,1755,549,1206,8794,16236,7591,8645,14475,7044,7431,1761,547,1214
"합계",마포구,염리동,7803,17695,8278,9417,16783,8025,8758,912,253,659,7786,17673,8267,9406,16760,8011,8749,913,256,657,7796,17702,8274,9428,16795,8021,8774,907,253,654
"합계",마포구,신수동,10010,22585,10988,11597,22219,10848,11371,366,140,226,9991,22579,10976,11603,22195,10830,11365,384,146,238,10002,22549,10954,11595,22173,10809,11364,376,145,231
"합계",마포구,서교동,15385,26653,11763,14890,24420,11099,13321,2233,664,1569,15366,26703,11749,14954,24391,11071,13320,2312,678,1634,15379,26635,11746,14889,24352,11073,13279,2283,673,1610
"합계",마포구,합정동,9262,16955,7772,9183,16612,7641,8971,343,131,212,9247,16922,7763,9159,16569,7623,8946,353,140,213,9245,16905,7754,9151,16548,7613,8935,357,141,216
"합계",마포구,망원1동,10193,19684,9190,10494,19363,9054,10309,321,136,185,10200,19651,9160,10491,19334,9030,10304,317,130,187,10176,19615,9112,10503,19291,8979,10312,324,133,191
"합계",마포구,망원2동,8398,18378,8554,9824,18187,8489,9698,191,65,126,8396,18376,8551,9825,18170,8477,9693,206,74,132,8393,18365,8541,9824,18156,8466,9690,209,75,134
"합계",마포구,연남동,8484,15481,7240,8241,14504,6858,7646,977,382,595,8460,15439,7229,8210,14455,6848,7607,984,381,603,8456,15427,7197,8230,14432,6814,7618,995,383,612
"합계",마포구,성산1동,9426,19003,8881,10122,18656,8734,9922,347,147,200,9426,18982,8854,10128,18626,8705,9921,356,149,207,9456,19021,8875,10146,18656,8722,9934,365,153,212
"합계",마포구,성산2동,19524,39416,17528,21888,39094,17433,21661,322,95,227,19505,39336,17488,21848,39014,17393,21621,322,95,227,19504,39313,17474,21839,38987,17375,21612,326,99,227
"합계",마포구,상암동,12701,30679,14459,16220,29974,14139,15835,705,320,385,12720,30705,14462,16243,29976,14135,15841,729,327,402,12729,30673,14419,16254,29957,14100,15857,716,319,397
"합계",마포구,도화동,9321,21005,10004,11001,20761,9890,10871,244,114,130,9299,20921,9951,10970,20673,9834,10839,248,117,131,9309,20930,9927,11003,20679,9808,10871,251,119,132
"합계",마포구,서강동,12162,25535,12053,13482,24691,11787,12904,844,266,578,12147,25523,12019,13504,24650,11754,12896,873,265,608,12143,25522,11999,13523,24646,11731,12915,876,268,608
"합계",마포구,공덕동,18649,37393,17482,19911,36764,17174,19590,629,308,321,18651,37382,17483,19899,36740,17169,19571,642,314,328,18667,37382,17480,19902,36741,17166,19575,641,314,327
"합계",마포구,아현동,11628,28244,13169,15075,27750,12954,14796,494,215,279,11713,28482,13308,15174,27976,13090,14886,506,218,288,11762,28614,13374,15240,28104,13152,14952,510,222,288
"합계",양천구,소계,181072,442345,215983,226362,439219,214703,224516,3126,1280,1846,181057,441987,215739,226248,438848,214455,224393,3139,1284,1855,181169,441802,215622,226180,438641,214331,224310,3161,1291,1870
"합계",양천구,목1동,10322,30432,14638,15794,30285,14564,15721,147,74,73,10324,30392,14600,15792,30245,14525,15720,147,75,72,10317,30366,14582,15784,30218,14506,15712,148,76,72
"합계",양천구,목2동,13356,29430,14232,15198,29213,14148,15065,217,84,133,13336,29336,14167,15169,29119,14083,15036,217,84,133,13354,29304,14138,15166,29090,14056,15034,214,82,132
"합계",양천구,목3동,10080,21587,10282,11305,21446,10223,11223,141,59,82,10081,21571,10266,11305,21426,10204,11222,145,62,83,10086,21555,10267,11288,21408,10204,11204,147,63,84
"합계",양천구,목4동,10033,24810,12122,12688,24649,12059,12590,161,63,98,10016,24798,12113,12685,24635,12051,12584,163,62,101,10035,24829,12127,12702,24664,12064,12600,165,63,102
"합계",양천구,신월1동,10243,20207,10305,9902,19943,10209,9734,264,96,168,10244,20171,10279,9892,19902,10178,9724,269,101,168,10209,20085,10249,9836,19820,10149,9671,265,100,165
"합계",양천구,신월2동,8478,20523,10016,10507,20368,9955,10413,155,61,94,8531,20606,10056,10550,20451,9996,10455,155,60,95,8626,20871,10161,10710,20713,10100,10613,158,61,97
"합계",양천구,신월3동,7835,14839,7789,7050,14654,7701,6953,185,88,97,7825,14809,7760,7049,14625,7673,6952,184,87,97,7820,14787,7760,7027,14605,7676,6929,182,84,98
"합계",양천구,신월4동,6858,17666,8572,9094,17569,8545,9024,97,27,70,6855,17677,8572,9105,17576,8545,9031,101,27,74,6858,17649,8557,9092,17543,8527,9016,106,30,76
"합계",양천구,신월5동,6426,14381,7119,7262,14263,7074,7189,118,45,73,6406,14333,7098,7235,14214,7055,7159,119,43,76,6404,14302,7082,7220,14179,7038,7141,123,44,79
"합계",양천구,신월6동,5369,13934,6793,7141,13874,6770,7104,60,23,37,5372,13941,6810,7131,13883,6787,7096,58,23,35,5381,13953,6808,7145,13893,6783,7110,60,25,35
"합계",양천구,신월7동,9005,19014,9246,9768,18880,9210,9670,134,36,98,8986,18971,9231,9740,18837,9194,9643,134,37,97,8981,18943,9211,9732,18807,9173,9634,136,38,98
"합계",양천구,신정1동,6975,19915,9667,10248,19813,9618,10195,102,49,53,6983,19939,9681,10258,19836,9632,10204,103,49,54,6986,19906,9671,10235,19802,9620,10182,104,51,53
"합계",양천구,신정2동,6858,18928,9291,9637,18834,9246,9588,94,45,49,6861,18924,9298,9626,18831,9254,9577,93,44,49,6857,18910,9293,9617,18817,9250,9567,93,43,50
"합계",양천구,신정3동,19817,50568,24465,26103,50228,24321,25907,340,144,196,19804,50496,24414,26082,50164,24272,25892,332,142,190,19805,50427,24380,26047,50092,24241,25851,335,139,196
"합계",양천구,신정6동,8178,24028,11665,12363,24007,11656,12351,21,9,12,8178,24007,11652,12355,23985,11642,12343,22,10,12,8168,23968,11636,12332,23945,11626,12319,23,10,13
"합계",양천구,신정7동,11487,28502,13702,14800,28345,13625,14720,157,77,80,11488,28497,13698,14799,28337,13622,14715,160,76,84,11496,28515,13691,14824,28354,13615,14739,161,76,85
"합계",양천구,목5동,13383,40673,20134,20539,40575,20089,20486,98,45,53,13386,40646,20118,20528,40547,20072,20475,99,46,53,13367,40552,20061,20491,40453,20016,20437,99,45,54
"합계",양천구,신정4동,16369,32908,15945,16963,32273,15690,16583,635,255,380,16381,32873,15926,16947,32235,15670,16565,638,256,382,16419,32880,15948,16932,32238,15687,16551,642,261,381
"합계",강서구,소계,274283,573711,275046,298665,568287,272693,295594,5424,2353,3071,274428,573334,274770,298564,567883,272404,295479,5451,2366,3085,274425,572748,274469,298279,567237,272061,295176,5511,2408,3103
"합계",강서구,염창동,16491,41511,19975,21536,41378,19909,21469,133,66,67,16491,41482,19967,21515,41348,19899,21449,134,68,66,16503,41499,19961,21538,41364,19895,21469,135,66,69
"합계",강서구,등촌1동,14088,24996,11492,13504,24773,11424,13349,223,68,155,14123,25037,11504,13533,24811,11438,13373,226,66,160,14140,25048,11518,13530,24819,11447,13372,229,71,158
"합계",강서구,등촌2동,8566,19739,9586,10153,19617,9536,10081,122,50,72,8563,19697,9550,10147,19574,9499,10075,123,51,72,8549,19656,9553,10103,19528,9497,10031,128,56,72
"합계",강서구,등촌3동,15048,29813,14086,15727,29651,14024,15627,162,62,100,15061,29773,14073,15700,29611,14011,15600,162,62,100,15062,29761,14057,15704,29590,13991,15599,171,66,105
"합계",강서구,화곡본동,17452,33950,16395,17555,33572,16249,17323,378,146,232,17478,33884,16358,17526,33507,16215,17292,377,143,234,17452,33800,16301,17499,33422,16158,17264,378,143,235
"합계",강서구,화곡2동,8243,17698,8516,9182,17420,8414,9006,278,102,176,8250,17697,8511,9186,17417,8406,9011,280,105,175,8250,17656,8480,9176,17378,8377,9001,278,103,175
"합계",강서구,화곡3동,9757,21489,10211,11278,21352,10159,11193,137,52,85,9730,21434,10200,11234,21301,10148,11153,133,52,81,9726,21438,10192,11246,21298,10137,11161,140,55,85
"합계",강서구,화곡4동,9706,20327,9943,10384,20052,9827,10225,275,116,159,9691,20266,9920,10346,19987,9802,10185,279,118,161,9699,20260,9927,10333,19975,9804,10171,285,123,162
"합계",강서구,화곡6동,13184,25270,12067,13203,25000,11966,13034,270,101,169,13174,25263,12055,13208,24992,11955,13037,271,100,171,13140,25188,12008,13180,24913,11904,13009,275,104,171
"합계",강서구,화곡8동,11828,24308,11710,12598,23910,11531,12379,398,179,219,11832,24270,11688,12582,23878,11511,12367,392,177,215,11822,24205,11655,12550,23806,11478,12328,399,177,222
"합계",강서구,가양1동,20867,34370,15603,18767,34096,15477,18619,274,126,148,20897,34373,15552,18821,34094,15424,18670,279,128,151,20885,34328,15543,18785,34056,15416,18640,272,127,145
"합계",강서구,가양2동,8089,13847,6513,7334,13756,6489,7267,91,24,67,8064,13764,6465,7299,13673,6440,7233,91,25,66,8054,13740,6447,7293,13649,6422,7227,91,25,66
"합계",강서구,가양3동,7774,14560,6745,7815,14465,6706,7759,95,39,56,7786,14546,6731,7815,14455,6694,7761,91,37,54,7776,14518,6703,7815,14428,6664,7764,90,39,51
"합계",강서구,발산1동,13498,36212,17105,19107,35919,16910,19009,293,195,98,13528,36229,17094,19135,35922,16897,19025,307,197,110,13537,36165,17074,19091,35861,16879,18982,304,195,109
"합계",강서구,공항동,13932,30724,15524,15200,30194,15248,14946,530,276,254,13924,30682,15547,15135,30154,15269,14885,528,278,250,13920,30636,15532,15104,30101,15247,14854,535,285,250
"합계",강서구,방화1동,17328,42746,20820,21926,42512,20709,21803,234,111,123,17334,42726,20801,21925,42484,20688,21796,242,113,129,17342,42759,20810,21949,42514,20696,21818,245,114,131
"합계",강서구,방화2동,12114,23251,11506,11745,22997,11384,11613,254,122,132,12113,23185,11456,11729,22929,11331,11598,256,125,131,12121,23141,11439,11702,22876,11306,11570,265,133,132
"합계",강서구,방화3동,11268,22445,10809,11636,22320,10765,11555,125,44,81,11260,22420,10778,11642,22294,10734,11560,126,44,82,11261,22384,10768,11616,22257,10723,11534,127,45,82
"합계",강서구,화곡1동,28449,52730,25544,27186,51788,25161,26627,942,383,559,28462,52708,25546,27162,51765,25160,26605,943,386,557,28470,52636,25499,27137,51683,25110,26573,953,389,564
"합계",강서구,우장산동,16601,43725,20896,22829,43515,20805,22710,210,91,119,16667,43898,20974,22924,43687,20883,22804,211,91,120,16716,43930,21002,22928,43719,20910,22809,211,92,119
"합계",구로구,소계,184268,417983,206221,211762,395183,194039,201144,22800,12182,10618,184388,417953,206176,211777,395099,193938,201161,22854,12238,10616,184498,417876,206052,211824,394973,193810,201163,22903,12242,10661
"합계",구로구,신도림동,13962,36081,17415,18666,35769,17277,18492,312,138,174,13964,36062,17387,18675,35749,17248,18501,313,139,174,13971,36037,17377,18660,35726,17238,18488,311,139,172
"합계",구로구,구로1동,8331,20816,10165,10651,20583,10053,10530,233,112,121,8338,20785,10151,10634,20585,10052,10533,200,99,101,8345,20797,10153,10644,20605,10060,10545,192,93,99
"합계",구로구,구로3동,13637,25017,12881,12136,23406,12064,11342,1611,817,794,13664,25030,12897,12133,23397,12074,11323,1633,823,810,13669,25051,12890,12161,23387,12051,11336,1664,839,825
"합계",구로구,구로4동,10501,22922,11321,11601,19091,9226,9865,3831,2095,1736,10507,22952,11317,11635,19080,9206,9874,3872,2111,1761,10481,22883,11290,11593,19000,9167,9833,3883,2123,1760
"합계",구로구,구로5동,15682,31829,15490,16339,29328,14199,15129,2501,1291,1210,15697,31862,15495,16367,29360,14213,15147,2502,1282,1220,15697,31889,15517,16372,29346,14219,15127,2543,1298,1245
"합계",구로구,고척1동,11363,26193,13072,13121,25869,12909,12960,324,163,161,11419,26283,13124,13159,25962,12963,12999,321,161,160,11463,26390,13168,13222,26087,13013,13074,303,155,148
"합계",구로구,고척2동,11473,26504,13092,13412,26063,12880,13183,441,212,229,11464,26479,13072,13407,26029,12855,13174,450,217,233,11462,26469,13055,13414,26010,12836,13174,459,219,240
"합계",구로구,개봉2동,12463,30511,14818,15693,30110,14639,15471,401,179,222,12466,30543,14827,15716,30131,14644,15487,412,183,229,12478,30565,14827,15738,30157,14646,15511,408,181,227
"합계",구로구,개봉3동,8758,20216,9809,10407,19843,9626,10217,373,183,190,8762,20234,9818,10416,19855,9631,10224,379,187,192,8753,20205,9798,10407,19824,9610,10214,381,188,193
"합계",구로구,오류1동,12596,23241,11075,12166,22629,10789,11840,612,286,326,12615,23251,11081,12170,22633,10792,11841,618,289,329,12665,23269,11104,12165,22640,10811,11829,629,293,336
"합계",구로구,수궁동,9941,23229,11398,11831,22933,11258,11675,296,140,156,9946,23210,11385,11825,22915,11241,11674,295,144,151,9957,23172,11360,11812,22871,11215,11656,301,145,156
"합계",구로구,가리봉동,6161,12662,7103,5559,8955,4907,4048,3707,2196,1511,6169,12702,7141,5561,8961,4912,4049,3741,2229,1512,6165,12656,7105,5551,8937,4886,4051,3719,2219,1500
"합계",구로구,구로2동,12353,29633,15206,14427,22966,11562,11404,6667,3644,3023,12328,29522,15154,14368,22916,11512,11404,6606,3642,2964,12309,29477,15107,14370,22885,11487,11398,6592,3620,2972
"합계",구로구,개봉1동,14941,34139,16961,17178,33355,16579,16776,784,382,402,14967,34158,16961,17197,33373,16580,16793,785,381,404,14981,34138,16960,17178,33355,16584,16771,783,376,407
"합계",구로구,오류2동,15827,38416,18370,20046,37844,18085,19759,572,285,287,15806,38330,18327,20003,37745,18037,19708,585,290,295,15819,38331,18306,20025,37739,18012,19727,592,294,298
"합계",구로구,항동,6279,16574,8045,8529,16439,7986,8453,135,59,76,6276,16550,8039,8511,16408,7978,8430,142,61,81,6283,16547,8035,8512,16404,7975,8429,143,60,83
"합계",금천구,소계,120051,242467,122577,119890,229307,115624,113683,13160,6953,6207,120274,242553,122583,119970,229328,115578,113750,13225,7005,6220,120423,242512,122491,120021,229251,115453,113798,13261,7038,6223
"합계",금천구,가산동,17607,26631,14446,12185,24292,13111,11181,2339,1335,1004,17786,26821,14521,12300,24472,13179,11293,2349,1342,1007,17873,26936,14591,12345,24559,13219,11340,2377,1372,1005
"합계",금천구,독산1동,24765,47919,24498,23421,46205,23613,22592,1714,885,829,24814,47949,24509,23440,46237,23615,22622,1712,894,818,24900,47995,24490,23505,46285,23600,22685,1710,890,820
"합계",금천구,독산2동,9436,19428,9815,9613,18108,9135,8973,1320,680,640,9440,19390,9802,9588,18060,9109,8951,1330,693,637,9433,19413,9800,9613,18082,9107,8975,1331,693,638
"합계",금천구,독산3동,12907,27140,13767,13373,23946,12012,11934,3194,1755,1439,12911,27136,13765,13371,23935,11992,11943,3201,1773,1428,12919,27131,13746,13385,23912,11968,11944,3219,1778,1441
"합계",금천구,독산4동,7658,16391,8243,8148,14844,7461,7383,1547,782,765,7656,16388,8236,8152,14829,7452,7377,1559,784,775,7639,16332,8207,8125,14794,7435,7359,1538,772,766
"합계",금천구,시흥1동,16287,33929,16914,17015,32332,16093,16239,1597,821,776,16314,33930,16897,17033,32326,16080,16246,1604,817,787,16326,33915,16901,17014,32312,16080,16232,1603,821,782
"합계",금천구,시흥2동,8234,20775,9926,10849,20663,9878,10785,112,48,64,8231,20749,9917,10832,20634,9866,10768,115,51,64,8249,20738,9905,10833,20626,9854,10772,112,51,61
"합계",금천구,시흥3동,4674,10599,5233,5366,10449,5167,5282,150,66,84,4672,10588,5237,5351,10435,5169,5266,153,68,85,4667,10564,5213,5351,10410,5144,5266,154,69,85
"합계",금천구,시흥4동,9173,20504,10137,10367,19859,9820,10039,645,317,328,9163,20479,10120,10359,19833,9807,10026,646,313,333,9152,20449,10105,10344,19791,9787,10004,658,318,340
"합계",금천구,시흥5동,9310,19151,9598,9553,18609,9334,9275,542,264,278,9287,19123,9579,9544,18567,9309,9258,556,270,286,9265,19039,9533,9506,18480,9259,9221,559,274,285
"합계",영등포구,소계,190252,398999,196502,202497,376614,184973,191641,22385,11529,10856,190393,398975,196460,202515,376423,184827,191596,22552,11633,10919,190437,399019,196467,202552,376347,184761,191586,22672,11706,10966
"합계",영등포구,여의동,13307,32869,15446,17423,32494,15257,17237,375,189,186,13313,32884,15454,17430,32500,15258,17242,384,196,188,13351,32984,15492,17492,32592,15293,17299,392,199,193
"합계",영등포구,당산1동,11403,21178,10261,10917,20813,10108,10705,365,153,212,11428,21203,10268,10935,20826,10110,10716,377,158,219,11440,21217,10262,10955,20837,10103,10734,380,159,221
"합계",영등포구,당산2동,18892,37175,17356,19819,36770,17178,19592,405,178,227,18910,37160,17344,19816,36745,17165,19580,415,179,236,18917,37182,17337,19845,36766,17158,19608,416,179,237
"합계",영등포구,양평1동,9918,18620,8982,9638,18344,8875,9469,276,107,169,9921,18575,8961,9614,18299,8858,9441,276,103,173,9922,18557,8956,9601,18286,8851,9435,271,105,166
"합계",영등포구,양평2동,10951,22620,10984,11636,22414,10904,11510,206,80,126,10979,22658,10990,11668,22451,10910,11541,207,80,127,11007,22703,11017,11686,22499,10938,11561,204,79,125
"합계",영등포구,신길1동,11577,20734,10492,10242,19408,9812,9596,1326,680,646,11597,20759,10496,10263,19426,9817,9609,1333,679,654,11608,20750,10493,10257,19414,9801,9613,1336,692,644
"합계",영등포구,신길3동,7617,17235,8526,8709,16297,8030,8267,938,496,442,7604,17222,8521,8701,16272,8019,8253,950,502,448,7597,17222,8506,8716,16266,8005,8261,956,501,455
"합계",영등포구,신길4동,5805,13052,6480,6572,12332,6105,6227,720,375,345,5799,13058,6487,6571,12334,6110,6224,724,377,347,5801,13075,6493,6582,12341,6113,6228,734,380,354
"합계",영등포구,신길5동,4657,11133,5408,5725,10173,4919,5254,960,489,471,4659,11123,5417,5706,10172,4929,5243,951,488,463,4648,11111,5405,5706,10151,4916,5235,960,489,471
"합계",영등포구,신길6동,9156,19471,9518,9953,18774,9176,9598,697,342,355,9120,19320,9428,9892,18635,9091,9544,685,337,348,9046,19129,9338,9791,18446,8999,9447,683,339,344
"합계",영등포구,신길7동,7876,19967,9950,10017,19785,9862,9923,182,88,94,7884,19992,9969,10023,19808,9880,9928,184,89,95,7872,19977,9964,10013,19792,9874,9918,185,90,95
"합계",영등포구,대림1동,6991,16368,8247,8121,14032,6972,7060,2336,1275,1061,7003,16387,8274,8113,14030,6984,7046,2357,1290,1067,6990,16370,8258,8112,14004,6973,7031,2366,1285,1081
"합계",영등포구,대림2동,7025,17582,8934,8648,11942,5869,6073,5640,3065,2575,7012,17607,8943,8664,11922,5847,6075,5685,3096,2589,7021,17693,9002,8691,11944,5867,6077,5749,3135,2614
"합계",영등포구,대림3동,10420,25234,12676,12558,21890,10930,10960,3344,1746,1598,10420,25213,12673,12540,21860,10914,10946,3353,1759,1594,10405,25167,12665,12502,21818,10905,10913,3349,1760,1589
"합계",영등포구,영등포본동,10404,22654,11624,11030,20957,10759,10198,1697,865,832,10396,22634,11615,11019,20922,10740,10182,1712,875,837,10418,22659,11629,11030,20936,10741,10195,1723,888,835
"합계",영등포구,영등포동,21542,30980,15867,15113,30211,15527,14684,769,340,429,21635,31089,15906,15183,30293,15552,14741,796,354,442,21680,31157,15948,15209,30352,15593,14759,805,355,450
"합계",영등포구,도림동,9576,19648,9905,9743,17713,8948,8765,1935,957,978,9589,19673,9905,9768,17726,8937,8789,1947,968,979,9594,19657,9913,9744,17710,8944,8766,1947,969,978
"합계",영등포구,문래동,13135,32479,15846,16633,32265,15742,16523,214,104,110,13124,32418,15809,16609,32202,15706,16496,216,103,113,13120,32409,15789,16620,32193,15687,16506,216,102,114
"합계",동작구,소계,186534,390377,188069,202308,380201,183900,196301,10176,4169,6007,186730,390570,188213,202357,380385,184072,196313,10185,4141,6044,186980,390917,188352,202565,380594,184116,196478,10323,4236,6087
"합계",동작구,노량진2동,6873,11265,5872,5393,10503,5473,5030,762,399,363,6895,11288,5886,5402,10523,5485,5038,765,401,364,6905,11309,5929,5380,10522,5509,5013,787,420,367
"합계",동작구,상도1동,22665,46469,22341,24128,44452,21598,22854,2017,743,1274,22638,46461,22276,24185,44373,21551,22822,2088,725,1363,22658,46491,22284,24207,44383,21544,22839,2108,740,1368
"합계",동작구,상도2동,12576,28000,13395,14605,27700,13282,14418,300,113,187,12563,27975,13382,14593,27668,13269,14399,307,113,194,12564,27975,13361,14614,27668,13247,14421,307,114,193
"합계",동작구,상도3동,12250,24535,11636,12899,24164,11472,12692,371,164,207,12257,24528,11647,12881,24156,11483,12673,372,164,208,12220,24502,11632,12870,24126,11465,12661,376,167,209
"합계",동작구,상도4동,14184,28510,13823,14687,28165,13708,14457,345,115,230,14177,28455,13786,14669,28103,13669,14434,352,117,235,14165,28413,13754,14659,28063,13641,14422,350,113,237
"합계",동작구,사당1동,13712,23030,11044,11986,22566,10847,11719,464,197,267,13720,22984,11030,11954,22523,10840,11683,461,190,271,13735,22987,11030,11957,22526,10839,11687,461,191,270
"합계",동작구,사당3동,10519,24118,11636,12482,23931,11556,12375,187,80,107,10520,24105,11648,12457,23913,11566,12347,192,82,110,10541,24149,11657,12492,23951,11573,12378,198,84,114
"합계",동작구,사당4동,7277,14130,6719,7411,13959,6645,7314,171,74,97,7287,14099,6700,7399,13924,6626,7298,175,74,101,7281,14070,6705,7365,13895,6631,7264,175,74,101
"합계",동작구,사당5동,6728,14395,6889,7506,14294,6842,7452,101,47,54,6726,14380,6876,7504,14276,6826,7450,104,50,54,6740,14365,6857,7508,14258,6804,7454,107,53,54
"합계",동작구,대방동,16774,36348,17166,19182,36034,17014,19020,314,152,162,16743,36261,17126,19135,35941,16972,18969,320,154,166,16712,36120,17043,19077,35798,16888,18910,322,155,167
"합계",동작구,신대방1동,10474,25121,12090,13031,23359,11197,12162,1762,893,869,10471,25151,12113,13038,23373,11209,12164,1778,904,874,10476,25157,12105,13052,23378,11198,12180,1779,907,872
"합계",동작구,신대방2동,10701,22412,10673,11739,22177,10581,11596,235,92,143,10692,22416,10692,11724,22175,10601,11574,241,91,150,10696,22383,10675,11708,22133,10577,11556,250,98,152
"합계",동작구,흑석동,12649,31020,14758,16262,28722,14013,14709,2298,745,1553,12819,31378,14974,16404,29211,14264,14947,2167,710,1457,12974,31846,15198,16648,29663,14475,15188,2183,723,1460
"합계",동작구,노량진1동,16575,32335,16308,16027,31831,16110,15721,504,198,306,16628,32399,16337,16062,31878,16132,15746,521,205,316,16719,32491,16399,16092,31918,16166,15752,573,233,340
"합계",동작구,사당2동,12577,28689,13719,14970,28344,13562,14782,345,157,188,12594,28690,13740,14950,28348,13579,14769,342,161,181,12594,28659,13723,14936,28312,13559,14753,347,164,183
"합계",관악구,소계,285914,502628,251376,251252,487815,245376,242439,14813,6000,8813,286127,502699,251264,251435,487641,245231,242410,15058,6033,9025,286538,502631,251333,251298,487462,245217,242245,15169,6116,9053
"합계",관악구,보라매동,13148,24667,12127,12540,24227,11929,12298,440,198,242,13132,24625,12127,12498,24179,11926,12253,446,201,245,13132,24585,12106,12479,24134,11904,12230,451,202,249
"합계",관악구,청림동,6454,15025,7260,7765,14924,7222,7702,101,38,63,6445,14995,7237,7758,14899,7201,7698,96,36,60,6446,14994,7231,7763,14896,7195,7701,98,36,62
"합계",관악구,행운동,18318,29666,14314,15352,29159,14148,15011,507,166,341,18330,29688,14309,15379,29180,14146,15034,508,163,345,18362,29682,14327,15355,29170,14161,15009,512,166,346
"합계",관악구,낙성대동,11990,17990,8977,9013,17425,8750,8675,565,227,338,12027,18014,8978,9036,17464,8762,8702,550,216,334,12075,18036,8990,9046,17483,8773,8710,553,217,336
"합계",관악구,중앙동,10264,15787,7579,8208,15413,7450,7963,374,129,245,10275,15788,7582,8206,15406,7453,7953,382,129,253,10277,15795,7599,8196,15403,7463,7940,392,136,256
"합계",관악구,인헌동,14860,26131,12626,13505,25747,12474,13273,384,152,232,14850,26101,12579,13522,25720,12434,13286,381,145,236,14882,26131,12597,13534,25750,12453,13297,381,144,237
"합계",관악구,남현동,9898,18135,8776,9359,17932,8699,9233,203,77,126,9887,18102,8762,9340,17895,8682,9213,207,80,127,9895,18070,8748,9322,17867,8668,9199,203,80,123
"합계",관악구,서원동,14928,23668,12310,11358,22929,12014,10915,739,296,443,14930,23631,12287,11344,22893,11993,10900,738,294,444,14968,23683,12317,11366,22936,12021,10915,747,296,451
"합계",관악구,신원동,11397,18691,9403,9288,17904,9091,8813,787,312,475,11388,18659,9385,9274,17866,9067,8799,793,318,475,11382,18626,9386,9240,17829,9070,8759,797,316,481
"합계",관악구,서림동,15255,24549,13510,11039,23631,13187,10444,918,323,595,15284,24684,13548,11136,23641,13191,10450,1043,357,686,15324,24681,13546,11135,23647,13172,10475,1034,374,660
"합계",관악구,신사동,14521,24760,12328,12432,22674,11334,11340,2086,994,1092,14598,24818,12342,12476,22721,11347,11374,2097,995,1102,14629,24834,12362,12472,22717,11366,11351,2117,996,1121
"합계",관악구,신림동,19175,24176,12605,11571,23319,12298,11021,857,307,550,19196,24211,12621,11590,23350,12319,11031,861,302,559,19251,24245,12631,11614,23380,12326,11054,865,305,560
"합계",관악구,난향동,6176,14997,7345,7652,14872,7277,7595,125,68,57,6176,14974,7340,7634,14848,7271,7577,126,69,57,6193,14970,7332,7638,14842,7263,7579,128,69,59
"합계",관악구,조원동,12163,20895,10399,10496,19509,9733,9776,1386,666,720,12193,20969,10428,10541,19575,9758,9817,1394,670,724,12226,20992,10427,10565,19590,9748,9842,1402,679,723
"합계",관악구,대학동,17391,26871,15763,11108,24403,14880,9523,2468,883,1585,17487,26993,15794,11199,24468,14913,9555,2525,881,1644,17550,27065,15837,11228,24496,14929,9567,2569,908,1661
"합계",관악구,은천동,16148,33181,16179,17002,32717,16006,16711,464,173,291,16131,33137,16164,16973,32656,15983,16673,481,181,300,16151,33153,16202,16951,32663,16016,16647,490,186,304
"합계",관악구,성현동,12245,28741,13832,14909,28542,13754,14788,199,78,121,12256,28730,13817,14913,28535,13741,14794,195,76,119,12244,28683,13789,14894,28484,13709,14775,199,80,119
"합계",관악구,청룡동,24348,37252,17743,19509,36174,17337,18837,1078,406,672,24355,37231,17724,19507,36145,17312,18833,1086,412,674,24350,37207,17716,19491,36130,17306,18824,1077,410,667
"합계",관악구,난곡동,12989,26411,13166,13245,25975,12984,12991,436,182,254,12984,26352,13134,13218,25901,12948,12953,451,186,265,12986,26285,13113,13172,25831,12920,12911,454,193,261
"합계",관악구,삼성동,9824,20520,10200,10320,20384,10145,10239,136,55,81,9790,20451,10157,10294,20318,10105,10213,133,52,81,9781,20397,10143,10254,20260,10088,10172,137,55,82
"합계",관악구,미성동,14422,30515,14934,15581,29955,14664,15291,560,270,290,14413,30546,14949,15597,29981,14679,15302,565,270,295,14434,30517,14934,15583,29954,14666,15288,563,268,295
"합계",서초구,소계,168234,408979,195160,213819,404831,193158,211673,4148,2002,2146,168238,408758,194958,213800,404539,192932,211607,4219,2026,2193,168344,408725,194932,213793,404436,192875,211561,4289,2057,2232
"합계",서초구,서초1동,9445,20496,9862,10634,20307,9779,10528,189,83,106,9451,20494,9853,10641,20310,9773,10537,184,80,104,9462,20488,9861,10627,20309,9781,10528,179,80,99
"합계",서초구,서초2동,11770,27047,12834,14213,26610,12601,14009,437,233,204,11801,27056,12840,14216,26620,12605,14015,436,235,201,11832,27053,12844,14209,26624,12613,14011,429,231,198
"합계",서초구,서초3동,15270,32418,15370,17048,32079,15228,16851,339,142,197,15283,32435,15357,17078,32086,15214,16872,349,143,206,15298,32434,15389,17045,32090,15244,16846,344,145,199
"합계",서초구,서초4동,10679,30550,14927,15623,30291,14800,15491,259,127,132,10676,30531,14912,15619,30264,14780,15484,267,132,135,10703,30575,14933,15642,30303,14802,15501,272,131,141
"합계",서초구,잠원동,10481,26398,12699,13699,26215,12612,13603,183,87,96,10487,26369,12681,13688,26183,12594,13589,186,87,99,10512,26405,12693,13712,26219,12609,13610,186,84,102
"합계",서초구,반포본동,132,283,140,143,266,128,138,17,12,5,132,282,139,143,266,128,138,16,11,5,133,285,139,146,269,128,141,16,11,5
"합계",서초구,반포1동,14833,34547,16826,17721,34180,16672,17508,367,154,213,14842,34561,16842,17719,34195,16690,17505,366,152,214,14856,34554,16839,17715,34187,16690,17497,367,149,218
"합계",서초구,반포2동,4991,15749,7462,8287,15645,7414,8231,104,48,56,4988,15743,7463,8280,15635,7415,8220,108,48,60,4998,15759,7466,8293,15645,7414,8231,114,52,62
"합계",서초구,반포3동,8151,23784,11330,12454,23723,11301,12422,61,29,32,8179,23873,11360,12513,23813,11332,12481,60,28,32,8188,23853,11352,12501,23792,11324,12468,61,28,33
"합계",서초구,반포4동,7059,19448,9196,10252,18741,8808,9933,707,388,319,7046,19409,9172,10237,18684,8773,9911,725,399,326,7053,19427,9174,10253,18700,8773,9927,727,401,326
"합계",서초구,방배본동,7913,20711,9563,11148,20543,9473,11070,168,90,78,7913,20658,9534,11124,20485,9441,11044,173,93,80,7913,20645,9524,11121,20476,9434,11042,169,90,79
"합계",서초구,방배1동,7502,16830,7859,8971,16680,7795,8885,150,64,86,7493,16800,7833,8967,16652,7768,8884,148,65,83,7497,16778,7812,8966,16627,7749,8878,151,63,88
"합계",서초구,방배2동,7981,18436,8629,9807,18325,8567,9758,111,62,49,7956,18394,8607,9787,18277,8543,9734,117,64,53,7937,18365,8589,9776,18247,8524,9723,118,65,53
"합계",서초구,방배3동,6335,17194,8244,8950,17082,8193,8889,112,51,61,6331,17173,8226,8947,17055,8176,8879,118,50,68,6335,17217,8248,8969,17056,8181,8875,161,67,94
"합계",서초구,방배4동,9606,23339,10636,12703,23019,10492,12527,320,144,176,9600,23327,10626,12701,22999,10480,12519,328,146,182,9573,23238,10586,12652,22914,10440,12474,324,146,178
"합계",서초구,양재1동,17853,42671,20275,22396,42328,20121,22207,343,154,189,17846,42585,20225,22360,42236,20070,22166,349,155,194,17853,42589,20218,22371,42242,20063,22179,347,155,192
"합계",서초구,양재2동,11015,21713,10909,10804,21489,10803,10686,224,106,118,10997,21669,10877,10792,21441,10768,10673,228,109,119,10983,21675,10859,10816,21410,10729,10681,265,130,135
"합계",서초구,내곡동,7218,17365,8399,8966,17308,8371,8937,57,28,29,7217,17399,8411,8988,17338,8382,8956,61,29,32,7218,17385,8406,8979,17326,8377,8949,59,29,30
"합계",강남구,소계,234735,537817,257121,280696,532798,254811,277987,5019,2310,2709,235708,539742,257993,281749,534646,255637,279009,5096,2356,2740,236296,540907,258475,282432,535744,256095,279649,5163,2380,2783
"합계",강남구,신사동,6838,15787,7342,8445,15545,7223,8322,242,119,123,6831,15794,7354,8440,15551,7233,8318,243,121,122,6839,15806,7368,8438,15567,7248,8319,239,120,119
"합계",강남구,개포3동,7389,17186,8320,8866,17121,8291,8830,65,29,36,7399,17177,8326,8851,17109,8294,8815,68,32,36,7413,17162,8311,8851,17097,8280,8817,65,31,34
"합계",강남구,논현1동,13703,22023,10331,11692,21340,10067,11273,683,264,419,13708,22051,10336,11715,21371,10072,11299,680,264,416,13670,21996,10313,11683,21300,10051,11249,696,262,434
"합계",강남구,논현2동,11156,20811,9711,11100,20477,9557,10920,334,154,180,11362,21010,9782,11228,20676,9627,11049,334,155,179,11348,20973,9749,11224,20638,9592,11046,335,157,178
"합계",강남구,삼성1동,5337,12662,6230,6432,12432,6085,6347,230,145,85,5341,12669,6238,6431,12425,6079,6346,244,159,85,5314,12622,6206,6416,12369,6043,6326,253,163,90
"합계",강남구,삼성2동,13666,30928,14858,16070,30682,14728,15954,246,130,116,13644,30871,14826,16045,30624,14700,15924,247,126,121,13619,30795,14770,16025,30541,14641,15900,254,129,125
"합계",강남구,대치1동,7201,23805,11955,11850,23764,11932,11832,41,23,18,7197,23766,11926,11840,23721,11902,11819,45,24,21,7210,23824,11953,11871,23779,11929,11850,45,24,21
"합계",강남구,대치4동,9820,19237,9102,10135,18956,9000,9956,281,102,179,9816,19156,9054,10102,18881,8956,9925,275,98,177,9819,19135,9061,10074,18860,8963,9897,275,98,177
"합계",강남구,역삼1동,23676,35409,17214,18195,34328,16748,17580,1081,466,615,23654,35418,17202,18216,34302,16720,17582,1116,482,634,23631,35403,17177,18226,34255,16679,17576,1148,498,650
"합계",강남구,역삼2동,15883,37321,17460,19861,36989,17305,19684,332,155,177,15873,37274,17426,19848,36935,17267,19668,339,159,180,15861,37216,17381,19835,36874,17222,19652,342,159,183
"합계",강남구,도곡1동,8305,20914,9929,10985,20776,9857,10919,138,72,66,8277,20840,9899,10941,20705,9831,10874,135,68,67,8281,20829,9905,10924,20690,9833,10857,139,72,67
"합계",강남구,도곡2동,11489,32768,15228,17540,32670,15171,17499,98,57,41,11473,32717,15199,17518,32619,15142,17477,98,57,41,11469,32672,15178,17494,32573,15120,17453,99,58,41
"합계",강남구,개포1동,2632,6912,3338,3574,6892,3329,3563,20,9,11,2631,6910,3334,3576,6890,3325,3565,20,9,11,2627,6900,3325,3575,6881,3316,3565,19,9,10
"합계",강남구,개포4동,10067,23614,11355,12259,23434,11282,12152,180,73,107,10082,23634,11360,12274,23457,11289,12168,177,71,106,10076,23635,11371,12264,23458,11301,12157,177,70,107
"합계",강남구,일원본동,8003,22906,11342,11564,22882,11331,11551,24,11,13,7992,22865,11310,11555,22842,11299,11543,23,11,12,7994,22851,11302,11549,22825,11290,11535,26,12,14
"합계",강남구,일원1동,7473,14884,7201,7683,14749,7158,7591,135,43,92,7459,14847,7175,7672,14708,7128,7580,139,47,92,7447,14792,7146,7646,14653,7101,7552,139,45,94
"합계",강남구,수서동,7690,14263,6426,7837,14205,6407,7798,58,19,39,7690,14233,6415,7818,14175,6396,7779,58,19,39,7705,14232,6410,7822,14175,6391,7784,57,19,38
"합계",강남구,세곡동,18548,43960,20645,23315,43784,20566,23218,176,79,97,18686,44130,20700,23430,43954,20618,23336,176,82,94,18736,44169,20697,23472,43989,20616,23373,180,81,99
"합계",강남구,압구정동,10040,25805,11942,13863,25651,11858,13793,154,84,70,10035,25790,11935,13855,25633,11852,13781,157,83,74,10026,25782,11953,13829,25619,11865,13754,163,88,75
"합계",강남구,청담동,11023,25392,11883,13509,25144,11747,13397,248,136,112,11017,25382,11909,13473,25124,11766,13358,258,143,115,10997,25334,11889,13445,25075,11743,13332,259,146,113
"합계",강남구,대치2동,12914,37038,18751,18287,36880,18652,18228,158,99,59,12908,37002,18742,18260,36841,18641,18200,161,101,60,12918,36951,18697,18254,36797,18600,18197,154,97,57
"합계",강남구,개포2동,11882,34192,16558,17634,34097,16517,17580,95,41,54,12633,36206,17545,18661,36103,17500,18603,103,45,58,13296,37828,18313,19515,37729,18271,19458,99,42,57
"합계",송파구,소계,285489,663704,319139,344565,658006,316564,341442,5698,2575,3123,285493,663367,318928,344439,657665,316356,341309,5702,2572,3130,285615,662971,318646,344325,657260,316082,341178,5711,2564,3147
"합계",송파구,풍납1동,5776,12772,6269,6503,12254,6006,6248,518,263,255,5748,12697,6247,6450,12179,5983,6196,518,264,254,5734,12658,6229,6429,12150,5971,6179,508,258,250
"합계",송파구,풍납2동,10854,24326,11507,12819,24130,11422,12708,196,85,111,10830,24274,11483,12791,24074,11396,12678,200,87,113,10842,24261,11475,12786,24057,11387,12670,204,88,116
"합계",송파구,거여1동,5589,12260,6145,6115,12187,6122,6065,73,23,50,5574,12208,6117,6091,12133,6094,6039,75,23,52,5575,12197,6108,6089,12122,6085,6037,75,23,52
"합계",송파구,거여2동,10058,23746,11582,12164,23662,11543,12119,84,39,45,10077,23751,11566,12185,23666,11527,12139,85,39,46,10089,23786,11584,12202,23701,11546,12155,85,38,47
"합계",송파구,마천1동,8694,18528,9487,9041,18381,9435,8946,147,52,95,8695,18530,9486,9044,18387,9436,8951,143,50,93,8680,18486,9451,9035,18340,9400,8940,146,51,95
"합계",송파구,마천2동,8585,18089,9257,8832,17928,9187,8741,161,70,91,8559,18017,9211,8806,17859,9143,8716,158,68,90,8543,17951,9160,8791,17793,9093,8700,158,67,91
"합계",송파구,방이1동,6100,15338,7411,7927,15244,7369,7875,94,42,52,6109,15330,7407,7923,15238,7367,7871,92,40,52,6118,15356,7418,7938,15266,7379,7887,90,39,51
"합계",송파구,방이2동,15326,26511,12113,14398,25977,11880,14097,534,233,301,15336,26506,12124,14382,25965,11889,14076,541,235,306,15348,26465,12080,14385,25923,11842,14081,542,238,304
"합계",송파구,오륜동,5886,17769,8676,9093,17750,8664,9086,19,12,7,5886,17770,8683,9087,17751,8671,9080,19,12,7,5887,17778,8691,9087,17758,8680,9078,20,11,9
"합계",송파구,오금동,15602,37957,18418,19539,37710,18297,19413,247,121,126,15592,37909,18387,19522,37664,18266,19398,245,121,124,15601,37888,18381,19507,37645,18264,19381,243,117,126
"합계",송파구,송파1동,12423,23875,11159,12716,23558,11006,12552,317,153,164,12421,23855,11132,12723,23535,10977,12558,320,155,165,12454,23872,11139,12733,23551,10988,12563,321,151,170
"합계",송파구,송파2동,7196,18931,9118,9813,18795,9049,9746,136,69,67,7177,18858,9081,9777,18722,9011,9711,136,70,66,7181,18855,9093,9762,18722,9025,9697,133,68,65
"합계",송파구,석촌동,16984,31603,14972,16631,31062,14735,16327,541,237,304,16984,31559,14940,16619,31019,14704,16315,540,236,304,16939,31473,14894,16579,30926,14655,16271,547,239,308
"합계",송파구,삼전동,15987,29726,13793,15933,29347,13648,15699,379,145,234,15992,29673,13761,15912,29296,13615,15681,377,146,231,16030,29647,13743,15904,29272,13598,15674,375,145,230
"합계",송파구,가락본동,11670,25788,12778,13010,25520,12655,12865,268,123,145,11646,25722,12726,12996,25448,12601,12847,274,125,149,11658,25711,12702,13009,25430,12575,12855,281,127,154
"합계",송파구,가락1동,9877,27611,13377,14234,27451,13300,14151,160,77,83,9888,27732,13454,14278,27558,13369,14189,174,85,89,9874,27693,13437,14256,27516,13349,14167,177,88,89
"합계",송파구,가락2동,12336,31573,15414,16159,31402,15337,16065,171,77,94,12355,31587,15407,16180,31412,15329,16083,175,78,97,12348,31561,15392,16169,31382,15312,16070,179,80,99
"합계",송파구,문정1동,8434,19791,9740,10051,19621,9658,9963,170,82,88,8450,19789,9741,10048,19621,9661,9960,168,80,88,8466,19776,9741,10035,19613,9662,9951,163,79,84
"합계",송파구,문정2동,15753,28891,13208,15683,28705,13137,15568,186,71,115,15767,28855,13209,15646,28670,13138,15532,185,71,114,15786,28909,13213,15696,28727,13143,15584,182,70,112
"합계",송파구,잠실본동,15925,28383,13504,14879,27857,13276,14581,526,228,298,15934,28343,13489,14854,27820,13261,14559,523,228,295,15967,28348,13497,14851,27834,13275,14559,514,222,292
"합계",송파구,잠실4동,7208,21243,10232,11011,21177,10200,10977,66,32,34,7217,21284,10247,11037,21218,10215,11003,66,32,34,7226,21277,10249,11028,21209,10216,10993,68,33,35
"합계",송파구,잠실6동,5833,16666,7933,8733,16508,7835,8673,158,98,60,5830,16657,7914,8743,16511,7827,8684,146,87,59,5821,16646,7910,8736,16494,7820,8674,152,90,62
"합계",송파구,잠실7동,3372,9434,4387,5047,9419,4380,5039,15,7,8,3369,9419,4382,5037,9405,4376,5029,14,6,8,3376,9423,4387,5036,9409,4381,5028,14,6,8
"합계",송파구,잠실2동,11545,35000,16731,18269,34887,16661,18226,113,70,43,11551,35095,16774,18321,34988,16708,18280,107,66,41,11554,35048,16759,18289,34939,16693,18246,109,66,43
"합계",송파구,잠실3동,11827,34134,16206,17928,34000,16140,17860,134,66,68,11830,34135,16189,17946,34002,16124,17878,133,65,68,11847,34119,16162,17957,33983,16097,17886,136,65,71
"합계",송파구,장지동,12104,29053,13982,15071,28895,13919,14976,158,63,95,12103,29037,13981,15056,28875,13915,14960,162,66,96,12096,28991,13948,15043,28829,13880,14949,162,68,94
"합계",송파구,위례동,14545,44706,21740,22966,44579,21703,22876,127,37,90,14573,44775,21790,22985,44649,21753,22896,126,37,89,14575,44796,21803,22993,44669,21766,22903,127,37,90
"합계",강동구,소계,202637,464027,226905,237122,459982,225091,234891,4045,1814,2231,202623,463620,226713,236907,459567,224899,234668,4053,1814,2239,202725,463338,226506,236832,459275,224690,234585,4063,1816,2247
"합계",강동구,강일동,13114,33082,15839,17243,32888,15783,17105,194,56,138,13112,33047,15804,17243,32855,15746,17109,192,58,134,13117,33023,15762,17261,32838,15705,17133,185,57,128
"합계",강동구,명일1동,10031,25572,12442,13130,25484,12413,13071,88,29,59,10034,25569,12447,13122,25472,12414,13058,97,33,64,10051,25612,12476,13136,25515,12443,13072,97,33,64
"합계",강동구,명일2동,6504,17306,8419,8887,17248,8398,8850,58,21,37,6500,17268,8397,8871,17211,8377,8834,57,20,37,6501,17282,8404,8878,17224,8384,8840,58,20,38
"합계",강동구,고덕1동,8110,23937,12192,11745,23826,12119,11707,111,73,38,8109,23960,12207,11753,23856,12138,11718,104,69,35,8117,23955,12209,11746,23851,12140,11711,104,69,35
"합계",강동구,고덕2동,8953,22904,11566,11338,22739,11462,11277,165,104,61,8955,22901,11562,11339,22739,11460,11279,162,102,60,8927,22853,11532,11321,22689,11428,11261,164,104,60
"합계",강동구,암사2동,6379,15035,7269,7766,14967,7239,7728,68,30,38,6384,15027,7264,7763,14957,7234,7723,70,30,40,6382,14998,7235,7763,14928,7206,7722,70,29,41
"합계",강동구,암사3동,6194,17506,8549,8957,17459,8529,8930,47,20,27,6196,17486,8543,8943,17441,8525,8916,45,18,27,6183,17448,8527,8921,17404,8509,8895,44,18,26
"합계",강동구,천호1동,12980,26623,13073,13550,26359,12964,13395,264,109,155,12977,26573,13047,13526,26310,12939,13371,263,108,155,12969,26514,13026,13488,26255,12920,13335,259,106,153
"합계",강동구,천호3동,14458,26765,12941,13824,26280,12692,13588,485,249,236,14463,26739,12943,13796,26248,12691,13557,491,252,239,14488,26756,12937,13819,26269,12686,13583,487,251,236
"합계",강동구,성내1동,8243,19775,9490,10285,19627,9428,10199,148,62,86,8241,19760,9470,10290,19611,9408,10203,149,62,87,8263,19770,9463,10307,19615,9400,10215,155,63,92
"합계",강동구,성내2동,12710,23414,11523,11891,22875,11260,11615,539,263,276,12680,23360,11500,11860,22816,11238,11578,544,262,282,12679,23322,11484,11838,22780,11222,11558,542,262,280
"합계",강동구,성내3동,10628,22984,11216,11768,22676,11091,11585,308,125,183,10615,22936,11199,11737,22624,11074,11550,312,125,187,10606,22897,11174,11723,22579,11046,11533,318,128,190
"합계",강동구,둔촌1동,40,74,40,34,65,36,29,9,4,5,39,73,39,34,64,35,29,9,4,5,39,73,39,34,64,35,29,9,4,5
"합계",강동구,둔촌2동,10304,24212,11872,12340,24105,11826,12279,107,46,61,10301,24199,11885,12314,24096,11840,12256,103,45,58,10284,24141,11865,12276,24033,11818,12215,108,47,61
"합계",강동구,암사1동,16028,34324,16939,17385,34034,16826,17208,290,113,177,16063,34312,16934,17378,34020,16820,17200,292,114,178,16088,34332,16938,17394,34038,16824,17214,294,114,180
"합계",강동구,천호2동,17587,33836,16522,17314,33213,16234,16979,623,288,335,17587,33832,16538,17294,33206,16244,16962,626,294,332,17605,33825,16524,17301,33195,16230,16965,630,294,336
"합계",강동구,길동,21917,45225,22035,23190,44889,21901,22988,336,134,202,21903,45144,21971,23173,44809,21837,22972,335,134,201,21952,45127,21973,23154,44789,21838,22951,338,135,203
"합계",강동구,상일1동,13601,39435,19380,20055,39285,19312,19973,150,68,82,13610,39437,19374,20063,39290,19310,19980,147,64,83,13622,39441,19371,20070,39293,19308,19985,148,63,85
"합계",강동구,상일2동,4856,12018,5598,6420,11963,5578,6385,55,20,35,4854,11997,5589,6408,11942,5569,6373,55,20,35,4852,11969,5567,6402,11916,5548,6368,53,19,34
