,시도,시군구,관리번호,사업장명,도로명주소,lat,lng,lat2,lng2
0,서울특별시,도봉구,PHMA220073090033021200001,퍼스트요양병원,"서울특별시 도봉구 삼양로 616, 2-5층 (쌍문동)",37.657995851463966,127.01124409211651,37.6579955,127.0141343
1,서울특별시,영등포구,PHMA220053180034021200007,서울은빛요양병원,서울특별시 영등포구 양평로22사길 9 (양평동5가),37.54084357811264,126.89208457239678,37.5408432,126.8949748
2,서울특별시,강남구,PHMA220093220033021200007,하나이비인후과병원,"서울특별시 강남구 역삼로 245, 지하2층일부 1층일부 2~7층 (역삼동)",37.49793179365747,127.0401054980908,37.4979314,127.0429957
3,서울특별시,강남구,PHMA219993220033021200002,자생한방병원,"서울특별시 강남구 강남대로 536, 자생한방병원 (논현동)",37.51005130152946,127.01942604640656,37.5136787,127.0317124
4,서울특별시,도봉구,PHMA220163090033021200001,서울사랑요양병원,"서울특별시 도봉구 삼양로 574, 2~5층 (쌍문동)",37.65432738251346,127.01034843131568,37.65432699999999,127.0132386
5,서울특별시,성북구,PHMA220053070034021200001,의료법인유라의료재단 온누리요양병원,서울특별시 성북구 화랑로 271 (장위동),37.61219986114565,127.05583214207722,37.61518720000001,127.0498879
6,서울특별시,강동구,PHMA220193240033021200001,포레스트한방병원,"서울특별시 강동구 강동대로 143-52, 지하3, 지하1 일부, 1~5층 (성내동)",37.52787425304023,127.1176753010855,37.5278739,127.1205655
7,서울특별시,강남구,PHMA220183220033021200005,강남지인병원,"서울특별시 강남구 언주로 631, 강남웨딩홀 지하2,2~6층 (논현동)",37.512844095784736,127.03217423243224,37.5128437,127.0350644
8,서울특별시,서대문구,PHMA218853120033021200001,연세대학교의과대학세브란스병원,서울특별시 서대문구 연세로 50-1 (신촌동),,,37.5646993,126.9394972
9,서울특별시,강북구,PHMA220183080033021200001,강북휴요양병원,"서울특별시 강북구 도봉로 161, 서울컨벤션웨딩홀 (미아동)",37.62315168136854,127.02411893448424,37.6232419,127.0270849
10,서울특별시,강동구,PHMA220163240033021200002,청병원,"서울특별시 강동구 올림픽로 546, G.M.F.빌딩 (성내동)",37.53027797637872,127.11828424154125,37.5302776,127.1211744
11,서울특별시,강남구,PHMA220033220033021200003,나누리병원,"서울특별시 강남구 언주로 731, 나누리병원 (논현동)",37.52029279353365,127.0311231281442,37.5202957,127.0339776
12,서울특별시,양천구,PHMA220193140033021200001,서울스마트요양병원,"서울특별시 양천구 중앙로 181, 복합메디컬타운 3~8층 (신정동)",37.5127539269032,126.85290858923932,37.5127536,126.8557987
13,서울특별시,서초구,PHMA220193210034021200001,참푸른병원,"서울특별시 서초구 방배로 223, 창생빌딩 2~7층 (방배동)",37.49302755096021,126.9870473177936,37.4930272,126.9899375
14,서울특별시,강남구,PHMA219833220033021200002,연세대학교의과대학 강남세브란스병원,"서울특별시 강남구 언주로 211, 강남세브란스병원 (도곡동)",37.49254974938206,127.04363746807664,37.4925494,127.0465277
15,서울특별시,도봉구,PHMA220053090033021200002,바로선병원,"서울특별시 도봉구 도봉로 628 (창동, 바로선병원)",37.66036904965312,127.0392644027043,37.6603036,127.0420955
16,서울특별시,양천구,PHMA219973140033021200001,목동예치과병원,서울특별시 양천구 오목로 199 (신정동),37.52569106326434,126.85674621208908,37.5256907,126.8596364
17,서울특별시,송파구,PHMA220053230034021201563,포레힐요양병원,서울특별시 송파구 오금로 173 (방이동),37.50970760237484,127.11092993744596,37.5146174,127.1185123
18,서울특별시,양천구,PHMA219933140033021200002,홍익병원,"서울특별시 양천구 목동로 225, 홍익병원본관 (신정동)",37.528491721927935,126.8607719672908,37.5284913,126.8636621
19,서울특별시,서초구,PHMA220183210034021200001,올바로병원,"서울특별시 서초구 명달로 102, 서원빌딩 1-6층 (서초동)",37.48622180346843,127.00156913707062,37.4862214,127.0044593
20,서울특별시,강동구,PHMA220063240033021200001,강동경희대학교치과병원,서울특별시 강동구 동남로 892 (상일제1동),37.55323061609516,127.15451668099968,37.5532303,127.1574069
21,서울특별시,도봉구,PHMA220023090033021200001,가화한방병원,서울특별시 도봉구 도당로 51(방학동),37.66282793324426,127.03146489044587,37.6628275,127.0343551
22,서울특별시,관악구,PHMA220143200033021200002,강남수요양병원,"서울특별시 관악구 신림로64길 11, 지1층,2~11층 (신림동, 성재빌딩)",37.485154219215424,126.92756129680043,37.4851538,126.9304515
23,서울특별시,서초구,PHMA220123210034021200001,참포도나무병원,서울특별시 서초구 바우뫼로35길 32 (양재동),37.479929630970126,127.03577947974254,37.47992920000001,127.0386696
24,서울특별시,강북구,PHMA220123080033021200001,강북우리들병원,"서울특별시 강북구 한천로 1083, 수유동 (수유동, 광산타워)",37.642553514459536,127.01977360943116,37.642553514459536,127.01977360943116
25,서울특별시,송파구,PHMA220143230034021200005,케이치과병원,"서울특별시 송파구 올림픽로 319, 2층 (신천동, 서울시교통회관건물)",37.515597807997146,127.10244990942554,37.5156938,127.1054566
26,서울특별시,서초구,PHMA219983210034021200001,의료법인 청해의료재단 제일병원,서울특별시 서초구 서초대로 116 (방배동),37.48782980988029,126.9921867977872,37.4878294,126.995077
27,서울특별시,노원구,PHMA219893100034021200001,인제대학교 상계백병원,"서울특별시 노원구 동일로 1342, 상계백병원 (상계동)",37.64866645128567,127.06009402242462,37.6485082,127.0631429
28,서울특별시,서초구,PHMA219893210034021200001,재단법인 동국한방병원,서울특별시 서초구 방배로 186 (방배동),37.49027799348804,126.98949734857996,37.4902776,126.9923875
29,서울특별시,강동구,PHMA220043240033021200003,의료법인일맥의료재단 강동인애가한방병원,"서울특별시 강동구 성내로6길 15, 인애가한방병원 (성내동)",37.528838483672,127.1201743896019,37.5288198,127.1229842
30,서울특별시,종로구,PHMA219813000034021200001,서울대학교병원,서울특별시 종로구 대학로 101 (연건동),37.57915670652751,126.99590636928568,37.5788356,127.0010432
31,서울특별시,서초구,PHMA220083210034021200001,연세사랑병원,서울특별시 서초구 효령로 10 (방배동),37.47671213203892,126.9838217788802,37.4767117,126.986712
32,서울특별시,서초구,PHMA220133210034021200001,365엠씨(mc)병원,"서울특별시 서초구 서초중앙로 126, 서울365mc병원 지하1층, 2~13층 (서초동)",37.49299242748464,127.01122657937822,37.492992,127.0141168
33,서울특별시,강북구,PHMA220083080033021200001,민병원,"서울특별시 강북구 도봉로 155, 서울민병원 (미아동)",37.62260347517715,127.0243711751632,37.6224982,127.0272256
34,서울특별시,강동구,PHMA220103240033021200003,동부센트럴요양병원,"서울특별시 강동구 올림픽로98길 8 (암사동, 동부센트럴요양병원)",37.55119132085685,127.1255676952417,37.5510975,127.1284231
35,서울특별시,송파구,PHMA220193230034021200002,더바름치과병원,"서울특별시 송파구 석촌호수로 61, 트리지움상가 201호 (잠실동)",37.51064177195733,127.08333681744926,37.5111312,127.0860917
36,서울특별시,송파구,PHMA220193230034021200004,송파그랜드요양병원,"서울특별시 송파구 마천로 238, 윤진프라자타워 (마천동)",37.49965722746614,127.14088560941592,37.4996571,127.143733
37,서울특별시,노원구,PHMA219953100034021200001,노원을지대학교병원,"서울특별시 노원구 한글비석로 68, 을지병원 (하계동)",37.63646108336305,127.06703507430888,37.6364607,127.0699252
38,서울특별시,강북구,PHMA220193080033021200001,꿈의숲요양병원,서울특별시 강북구 월계로 183 (번동),37.62056371789128,127.04202389751312,37.6205634,127.0449141
39,서울특별시,서초구,PHMA219803210034021200001,학교법인가톨릭학원가톨릭대학교서울성모병원,서울특별시 서초구 반포대로 222 (반포동),37.50007956203166,127.00235677399972,37.5000792,127.005247
40,서울특별시,강동구,PHMA220183240033021200002,강동우리들요양병원,"서울특별시 강동구 구천면로 202, 행복타워빌딩 B2,2,3,4,6층 (천호동)",37.54029816799911,127.1243401208682,37.5402978,127.1272304
41,서울특별시,서초구,PHMA220153210034021200002,염창환병원,"서울특별시 서초구 서초중앙로 148, 희성빌딩 5,6,9층 (서초동)",37.49506802900688,127.01074722083187,37.4950677,127.0136374
42,서울특별시,영등포구,PHMA220113180034021200002,덕수의료재단 서울브레인병원,서울특별시 영등포구 영신로34길 5 (영등포동4가),37.52002432966863,126.8989873537582,37.520024,126.9018775
43,서울특별시,송파구,PHMA220193230034021200003,포레메디한방병원,"서울특별시 송파구 오금로 129, 지하1층~6층 (방이동)",37.511721167966,127.10674392203823,37.5117208,127.1096341
44,서울특별시,양천구,PHMA220063140033021200001,힘찬병원,"서울특별시 양천구 신목로 120 (목동, 힘찬병원)",37.52494782508218,126.87400166838948,37.5248645,126.8768227
45,서울특별시,송파구,PHMA220193230034021200001,서울힐링요양병원,"서울특별시 송파구 중대로 191, 서울힐링요양병원 (가락동)",37.499081836950346,127.12279441513977,37.4990414,127.1256696
46,서울특별시,강동구,PHMA220163240033021200001,올바른서울병원,"서울특별시 강동구 양재대로 1525, 명품빌딩 (천호동)",37.5421159269117,127.13839453749988,37.5420685,127.1412599
47,서울특별시,송파구,PHMA220163230034021200006,강남센트럴요양병원,"서울특별시 송파구 송이로 156, 태정타워 (가락동)",37.493006567254575,127.1216610285054,37.4929964,127.1245911
48,서울특별시,서초구,PHMA219783210034021200001,서울특별시어린이병원,서울특별시 서초구 헌릉로 260 (내곡동),37.45541064424217,127.06638837833503,37.4554103,127.0692786
49,서울특별시,강동구,PHMA220063240033021200002,강동경희대학교의대병원,서울특별시 강동구 동남로 892 (상일동),37.55323061609516,127.15451668099968,37.5511028,127.1696401
50,서울특별시,강서구,PHMA220123150037021200003,서울고든병원,"서울특별시 강서구 양천로 600, 파인블루빌딩 지하1층,2,7,8층 ,9,10호 (등촌동)",37.555514856860384,126.86179931299998,37.5555145,126.8646895
51,서울특별시,강북구,PHMA220103080033021200001,서울현대병원,"서울특별시 강북구 도봉로 374 (번동, 서울현대병원)",37.64025067516326,127.0256770411609,37.6402503,127.0285672
52,서울특별시,강북구,PHMA220093080033021200001,현인요양병원,서울특별시 강북구 삼각산로 20 (수유동),,,37.6386141,127.0066645
53,서울특별시,강북구,PHMA220073080033021200002,포근한병원,서울특별시 강북구 도봉로 266 (미아동),37.63229192834709,127.021248917907,37.63229159999999,127.0241391
54,서울특별시,송파구,PHMA220113230034021200002,송파새희망요양병원,"서울특별시 송파구 오금로 488, 삼원빌딩 (거여동)",37.49346740079808,127.14002501419888,37.493467,127.1429152
55,서울특별시,중랑구,PHMA220113060034021200001,서울특별시서울의료원,서울특별시 중랑구 신내로 156 (신내동),37.61298159487955,127.09507875104146,37.6129812,127.0979689
56,서울특별시,송파구,PHMA220143230034021200004,빠른병원,"서울특별시 송파구 백제고분로 405, 유니온테크송파빌딩 (송파동)",37.50747052951016,127.10679025914432,37.5074701,127.1096805
57,서울특별시,강동구,PHMA220113240033021200001,아이엠치과병원,"서울특별시 강동구 올림픽로 664, 4층 (천호동, 대우 한강 베네시티)",37.54061060424473,127.12203222705227,37.5406795,127.1248448
58,서울특별시,송파구,PHMA220133230034021200001,송파드림재활병원,"서울특별시 송파구 송이로 111, B3-6층 (가락동, 청석빌딩)",37.4967171088173,127.11931547566016,37.49671670000001,127.1222057
59,서울특별시,서초구,PHMA220203210034021200001,기쁨병원,"서울특별시 서초구 서초중앙로 4, 기쁨병원 (서초동)",37.48278819519731,127.0151273862856,37.4826527,127.0180446
60,서울특별시,양천구,PHMA220043140033021200001,의료법인해인의료재단 동신한방병원,"서울특별시 양천구 오목로 351, B2~6,8~9층 (목동)",37.52461831161277,126.87387121967171,37.5246179,126.8767614
61,서울특별시,송파구,PHMA220153230034021200001,서울석병원,서울특별시 송파구 송이로 148 (가락동),37.49379742171254,127.12108320796506,37.49379709999999,127.1239734
62,서울특별시,도봉구,PHMA220093090033021200001,의료법인 상원의료재단 강북힘찬병원,"서울특별시 도봉구 도봉로 446, 강북힘찬병원 (창동)",37.64568373495594,127.03049665339942,37.6457194,127.0332186
63,서울특별시,중랑구,PHMA220103060034021200002,로하스동서울요양병원,"서울특별시 중랑구 봉화산로 194, 신아타운 4,5층 (신내동)",37.606425517094365,127.091839163833,37.6064252,127.0947293
64,서울특별시,강동구,PHMA220073240033021200002,강동성모요양병원,"서울특별시 강동구 올림픽로80길 31, 로뎀빌딩 (천호동)",37.54352722347721,127.12430815997509,37.538486,127.123905
65,서울특별시,노원구,PHMA219853100034021200001,한국원자력의학원원자력병원,"서울특별시 노원구 노원로 75, 한국원자력의학원 (공릉동)",37.62839821375754,127.07938024910862,37.6294332,127.0826468
66,서울특별시,성북구,PHMA219743070034021200001,학교법인 고려중앙학원 고려대학교의과대학부속병원(안암병원),"서울특별시 성북구 고려대로 73, 고려대병원 (안암동5가)",37.58714487358145,127.02409518287284,37.5871445,127.0269854
67,서울특별시,중구,PHMA219683010033021200001,국립중앙의료원,서울특별시 중구 을지로 245 (을지로6가),37.567423636193695,127.00312072139258,37.5677844,127.0068849
68,서울특별시,강동구,PHMA219863240033021200001,성심의료재단강동성심병원,서울특별시 강동구 성안로 150 (길동),37.53612376205731,127.1323540263325,37.5361234,127.1352442
69,서울특별시,송파구,PHMA220073230034021201566,강남수병원,서울특별시 송파구 삼전로2길 11 (삼전동),37.501334361016966,127.08326209867188,37.501334,127.0861523
70,서울특별시,도봉구,PHMA220083090033021200002,에이치큐브병원,서울특별시 도봉구 도봉로 604 (창동),37.65831649987982,127.03820404450516,37.65831610000001,127.0410942
71,서울특별시,강남구,PHMA220133220033021200003,기쁨정원치과병원,"서울특별시 강남구 밤고개로1길 10, 315호 (수서동, 수서현대벤쳐빌)",37.48801672644489,127.09895845405592,37.4879855,127.1017774
72,서울특별시,강남구,PHMA220093220033021200005,선한목자병원,"서울특별시 강남구 논현로 507 (역삼동, 성지하이츠3차빌딩 2층,3층일부)",37.50152907049099,127.0331647079327,37.5015391,127.0361428
73,서울특별시,중랑구,PHMA220083060034021200023,서울라본병원,서울특별시 중랑구 망우로 476 (망우동),37.600322353877175,127.10220131609582,37.600322,127.1050915
74,서울특별시,강남구,PHMA220193220033021200002,힘찬큐한방병원,"서울특별시 강남구 봉은사로 213, 센트럴타워 5~7층 (논현동)",37.50804399824371,127.03248275119113,37.5080436,127.035373
75,서울특별시,송파구,PHMA219993230034021201561,수치과병원,"서울특별시 송파구 중대로 68 (문정동, 훼밀리샤르망 505호)",37.49155014929301,127.11353795410238,37.4915498,127.1164282
76,서울특별시,성북구,PHMA219883070034021200002,의료법인 우신향병원,서울특별시 성북구 안암로 99 (안암동5가),,,37.5847829,127.0311492
77,서울특별시,강서구,PHMA220143150037021200001,새미래요양병원,서울특별시 강서구 국회대로 233 (화곡동),37.52973814338343,126.85798266652232,37.5297378,126.8608728
78,서울특별시,강동구,PHMA220063240033021200003,강동경희대학교한방병원,서울특별시 강동구 동남로 892 (상일동),37.55323061609516,127.15451668099968,37.5511028,127.1696401
79,서울특별시,서초구,PHMA220153210034021200003,라이브치과병원,"서울특별시 서초구 강남대로 441, 서산빌딩 11층 (서초동)",37.501707702806215,127.02228957789336,37.5017102,127.0252723
80,서울특별시,은평구,PHMA220193110032021200001,은평요양병원,서울특별시 은평구 통일로 935 (갈현동),37.62658549862993,126.91693227436409,37.621541,126.913578
81,서울특별시,서초구,PHMA220043210034021200001,가야치과병원,"서울특별시 서초구 방배로 177, 4~6층 (방배동)",37.489281738906286,126.98936662014704,37.4892813,126.9922568
82,서울특별시,광진구,PHMA220193040033021200001,편안한요양병원,"서울특별시 광진구 자양로 38, 편안한요양병원 (자양동)",37.5315981741814,127.0835916795516,37.5315816,127.086441
83,서울특별시,서초구,PHMA220013210034021200001,필치과병원,"서울특별시 서초구 방배로 245, 3층 (방배동, 현대클리닉빌딩)",,,37.4947875,126.9888737
84,서울특별시,강서구,PHMA220173150037021200002,면력한방병원,"서울특별시 강서구 마곡중앙6로 93, 열린프라자 6,7,10층 602,603,604,605호 (마곡동)",37.56012978049176,126.83480801608157,37.5601822,126.8376983
85,서울특별시,성동구,PHMA220123030033021200004,학교법인대진교육재단 제인병원,서울특별시 성동구 광나루로 243 (송정동),37.54946365987894,127.05412290799602,37.5494633,127.0570131
86,서울특별시,동대문구,PHMA220123050034021200002,왕십리휴요양병원,"서울특별시 동대문구 무학로 88 (용두동, 지하2~지상8층)",37.5720551724326,127.028122124346,37.5720548,127.0310123
87,서울특별시,마포구,PHMA220223130033021200001,서울연세병원,"서울특별시 마포구 토정로 271, 대현빌딩 지하1층,지상2~6층 (용강동)",37.54247205892785,126.93741323438122,37.5424717,126.9403034
88,서울특별시,서초구,PHMA220013210034021200002,길인의료재단 기린한방병원,"서울특별시 서초구 신반포로49길 3, 기린한방병원 (잠원동)",37.51108726324104,127.01718881537036,37.5110423,127.0200781
89,서울특별시,강남구,PHMA220183220033021200001,리봄한방병원,"서울특별시 강남구 학동로50길 7, 2~4,5(일부)층 (논현동)",37.5162578719133,127.03717134443175,37.5162575,127.0400615
90,서울특별시,중랑구,PHMA220053060034021200006,의료법인한국의료재단프라임병원,서울특별시 중랑구 공릉로 76 (묵동),37.61723224115015,127.07657958998496,37.6172319,127.0794698
91,서울특별시,금천구,PHMA219853170035021200002,실버한방병원,서울특별시 금천구 독산로 362 (독산동),37.47905968264487,126.90127788239089,37.4790593,126.9041681
92,서울특별시,강서구,PHMA220183150037021200002,이화여자대학교의과대학부속서울병원,"서울특별시 강서구 공항대로 260, 이화의대부속서울병원 (마곡동)",37.557596364118005,126.83328592211936,37.556269,126.8359218
93,서울특별시,송파구,PHMA220173230034021200002,민트병원,"서울특별시 송파구 정의로8길 7, 한스빌딩 1~4층 (문정동)",,,37.4864522,127.1163747
94,서울특별시,영등포구,PHMA219823180034021200001,성애의료재단 성애병원,"서울특별시 영등포구 여의대방로53길 22 (신길동, 성애병원)",,,37.5119571,126.9223932
95,서울특별시,관악구,PHMA220193200033021200002,치유본한방병원,"서울특별시 관악구 신원로 35, 삼모더프라임타워 6층 (신림동)",37.4822386116894,126.9260283295562,37.4821199,126.929047
96,서울특별시,강동구,PHMA220113240033021200002,강동한방병원,서울특별시 강동구 양재대로 1556 (길동),37.54443441601768,127.13984057770782,37.544434,127.1427308
97,서울특별시,송파구,PHMA220093230034021200001,강남힘찬병원,"서울특별시 송파구 백제고분로 407 (송파동, 지하 2층~7층)",37.50763388291039,127.10693950822196,37.5051072,127.1135469
98,서울특별시,양천구,PHMA220163140033021200001,솔빛한방병원,서울특별시 양천구 신월로 151 (신월동),37.517705979890586,126.83759096249192,37.5177056,126.8404811
99,서울특별시,양천구,PHMA219933140033021200001,이화여자대학교의과대학부속목동병원,서울특별시 양천구 안양천로 1071 (목동),37.536491245507285,126.88337865776435,37.5364909,126.8862688
100,서울특별시,서초구,PHMA220143210034021200001,장덕한방병원,"서울특별시 서초구 서초중앙로 42, 블루핀타워 지하2층,지하1층,1층,2층,3층 동 (서초동)",37.485759612952776,127.01320502748172,37.4857592,127.0160952
101,서울특별시,송파구,PHMA219983230034021201557,서울병원,서울특별시 송파구 오금로 290 (가락동),37.5039178054108,127.12182110527424,37.4956865,127.1184047
102,서울특별시,강남구,PHMA220173220033021200003,큰사랑요양병원,"서울특별시 강남구 논현로2길 30 (개포동, 지하2층~1층, 지상1층~6층)",37.47299884499676,127.04977387519716,37.4729985,127.0526641
103,서울특별시,도봉구,PHMA220063090033021200001,스카이요양병원,서울특별시 도봉구 방학로 177 (방학동),37.66201752858072,127.029566524007,37.6620171,127.0324567
104,서울특별시,강북구,PHMA220163080033021200001,북서울요양병원,"서울특별시 강북구 한천로 1002, 북서울요양병원 (번동)",37.63813270737609,127.02715592693376,37.6380977,127.0300576
105,서울특별시,송파구,PHMA219983230034021201568,한솔병원,"서울특별시 송파구 송파대로 445, 한솔병원 (석촌동)",37.50608298158544,127.1030270889874,37.5060244,127.1060427
106,서울특별시,도봉구,PHMA219933090033021200001,서울노보스병원,서울특별시 도봉구 도봉로 755(도봉동),37.67215011048682,127.04078860648043,37.6721497,127.0436788
107,서울특별시,강서구,PHMA220153150037021200001,강서수한방병원,"서울특별시 강서구 곰달래로 54, 백제빌딩 1~7층 (화곡동)",37.52992141513769,126.83594597529049,37.529921,126.8388361
108,서울특별시,강남구,PHMA219943220033021200003,삼성서울병원,"서울특별시 강남구 일원로 81 (일원동, 삼성의료원)",37.48866228880641,127.08309236737392,37.4881193,127.0849885
109,서울특별시,송파구,PHMA220083230034021201553,의료법인마리아의료재단마리아병원,"서울특별시 송파구 송이로 152, 마리아 의료재단 새병원 (가락동)",37.49326727020931,127.1215349128762,37.4932669,127.1244251
110,서울특별시,중구,PHMA219943010033021200001,서울송도병원,"서울특별시 중구 다산로 78 (신당동, 송도병원)",37.55116357746121,127.00539538975956,37.5512287,127.0081282
111,서울특별시,중구,PHMA219763010033021200001,인제대학교 서울백병원,서울특별시 중구 마른내로 9 (저동2가),,,37.5653878,126.9909563
112,서울특별시,영등포구,PHMA220053180034021200004,의료법인 인봉의료재단 영등포병원,서울특별시 영등포구 당산로31길 10 (당산동3가),37.52682463135551,126.89293954321096,37.5236264,126.9004142
113,서울특별시,영등포구,PHMA219933180034021200002,씨엠병원,"서울특별시 영등포구 영등포로36길 13 (영등포동4가, 충무병원)",37.51885342329639,126.90128288502872,37.518853,126.9041731
114,서울특별시,강북구,PHMA220073080033021200001,효성요양병원,"서울특별시 강북구 삼양로 204 (미아동, 효성요양병원)",37.622021558874216,127.01759237282307,37.622021558874216,127.01759237282307
115,서울특별시,중랑구,PHMA220083060034021200012,한걸음요양병원,"서울특별시 중랑구 망우로 316, 이지팰리스 5~7층 503-2,504,505,601~605,701~705호 (상봉동)",37.59648512851474,127.08464524774276,37.5964847,127.0875354
116,서울특별시,송파구,PHMA220153230034021200002,잠실자생한방병원,"서울특별시 송파구 충민로 66, 가든파이브라이프 10층 L-10001~4,L-10006~8호 (문정동)",37.4776486585878,127.12210616263066,37.4900768,127.1269901
117,서울특별시,양천구,PHMA220013140033021200001,메디힐병원,"서울특별시 양천구 남부순환로 331 (신월동, 메디힐병원)",,,37.537254,126.8280387
118,서울특별시,중랑구,PHMA220023060034021200020,장스여성병원,"서울특별시 중랑구 용마산로117길 49, 장스여성병원 비동 (7층 일부제외)동 (망우동)",37.599727049022285,127.0946896586217,37.5996996,127.0975403
119,서울특별시,강동구,PHMA220053240033021200004,서울양병원,서울특별시 강동구 천호대로 1159 (길동),37.534069273730736,127.13724695491086,37.5340689,127.1401371
120,서울특별시,은평구,PHMA220113110032021200001,최원호병원,"서울특별시 은평구 서오릉로 45, 최원호병원 (녹번동)",,,37.6047179,126.9238183
121,서울특별시,동대문구,PHMA219713050034021200002,경희대학교병원,서울특별시 동대문구 경희대로 23 (회기동),37.59671259198984,127.04850461982858,37.5967122,127.0513948
122,서울특별시,종로구,PHMA219773000034021200001,서울적십자병원,"서울특별시 종로구 새문안로 9, 적십자병원 (평동)",,,37.5671402,126.9670566
123,서울특별시,성동구,PHMA220103030033021200001,서울연세병원,서울특별시 성동구 왕십리로 296 (행당동),37.560641738786494,127.03327527288349,37.5598681,127.0326156
124,서울특별시,중랑구,PHMA219833060034021200004,의료법인풍산의료재단동부제일병원,"서울특별시 중랑구 망우로 511, 동부제일병원 지하1~6층 (망우동)",37.60076395910057,127.10637804865048,37.6007867,127.109078
125,서울특별시,송파구,PHMA219933230034021201562,의료법인일맥의료재단 송파인애가한방병원,"서울특별시 송파구 문정로 65, 인애가한방병원 1,2,4,5,6층 (문정동)",37.48728832785087,127.12659467210366,37.5052396,127.1351226
126,서울특별시,송파구,PHMA220083230034021201554,뉴스타트병원,"서울특별시 송파구 송이로 76, 뉴스타트병원 (가락동)",37.49907980283413,127.1165696804024,37.4992625,127.1194189
127,서울특별시,영등포구,PHMA219853180034021200001,한림대학교 강남성심병원,"서울특별시 영등포구 신길로 1 (대림동, 강남성심병원)",,,37.4933003,126.9087005
128,서울특별시,동작구,PHMA220073190033021200002,의료법인에이치엠피의료재단녹십초요양병원,서울특별시 동작구 시흥대로 634 (신대방동),37.48837255016832,126.9037937455698,37.4883722,126.9066839
129,서울특별시,서초구,PHMA219993210034021200001,대항병원,서울특별시 서초구 남부순환로 2151 (방배동),37.47560239623362,126.98507425535436,37.4756642,126.9877396
130,서울특별시,영등포구,PHMA220103180034021200002,의료법인 춘혜의료재단 명지춘혜재활병원,"서울특별시 영등포구 대림로 223 (대림동, 명지춘혜병원)",,,37.5007036,126.8971012
131,서울특별시,송파구,PHMA219893230034021201574,재단법인아산사회복지재단 서울아산병원,"서울특별시 송파구 올림픽로43길 88, 서울아산병원 (풍납동)",37.52627525866216,127.10658733769304,37.5265455,127.1081223
132,서울특별시,송파구,PHMA220123230034021200001,올림픽병원,"서울특별시 송파구 백제고분로 283, 어깨동무빌딩 (석촌동)",37.50277003175227,127.09511340317204,37.5027114,127.0979874
133,서울특별시,송파구,PHMA219713230034021201559,경찰병원,"서울특별시 송파구 송이로 123, 국립경찰병원 (가락동)",37.49624726842141,127.1205924772616,37.4960568,127.1234223
134,서울특별시,도봉구,PHMA220043090033021200001,경희늘푸른노인전문병원,서울특별시 도봉구 시루봉로 137 (방학동),37.66319940609113,127.0244054655951,37.663199,127.0272956
135,서울특별시,종로구,PHMA220043000034021200001,서울대학교치과병원,서울특별시 종로구 대학로 101 (연건동),,,37.5788356,127.0010432
136,서울특별시,종로구,PHMA220183000034021200001,서울숭인병원,"서울특별시 종로구 종로 386, 6.7.8.9층 (숭인동)",37.57404182022287,127.01745897964076,37.5740414,127.0203492
137,서울특별시,중구,PHMA220113010033021200001,을지치과병원,서울특별시 중구 을지로14길 12 (을지로3가),37.565595498203,126.98900127454571,37.5655951,126.9918915
138,서울특별시,용산구,PHMA219843020033021200001,금강아산병원(재단법인 아산사회복지재단),서울특별시 용산구 이촌로 318 (이촌동),37.51760985697428,126.97905932529464,37.5176094,126.9819495
139,서울특별시,종로구,PHMA219793000034021200001,강북삼성병원,서울특별시 종로구 새문안로 29 (평동),37.5682688294068,126.9652077119028,37.569203,126.9674914
140,서울특별시,종로구,PHMA219873000034021200001,세란병원,서울특별시 종로구 통일로 256 (무악동),37.57517833970064,126.95458493735563,37.575178,126.9574751
141,서울특별시,종로구,PHMA220123000034021200001,로이병원,"서울특별시 종로구 평창문화로 75, 글로리아타운 2층일부,3,5층 (평창동)",37.60682015693954,126.9663274497756,37.6068198,126.9692177
142,서울특별시,중구,PHMA220063010033021200002,더블유치과병원,"서울특별시 중구 장충단로 263, 14층 (을지로6가, 밀리오레상가건물)",37.56816550396299,127.0057966113735,37.5683219,127.0083106
143,서울특별시,중구,PHMA220063010033021200003,유치과병원,"서울특별시 중구 다산로 175, 3층 (신당동, 명덕빌딩)",37.55929265528706,127.0099510158038,37.5592923,127.0128412
144,서울특별시,성동구,PHMA220053030033021200001,서울특별시장애인치과병원,서울특별시 성동구 마장로 207 (홍익동),37.56674898366549,127.0299075648961,37.5658853,127.034329
145,서울특별시,중구,PHMA220103010033021200003,라임나무치과병원,"서울특별시 중구 명동길 43, 7층 (명동1가, 신한은행)",37.56400311623933,126.98185205579396,37.5643018,126.9846643
146,서울특별시,중구,PHMA220113010033021200002,연세스위트치과병원,"서울특별시 중구 퇴계로 447, 211~213호 (황학동, 황학아크로타워)",37.56595555634471,127.0186901010022,37.565869,127.0215764
147,서울특별시,중구,PHMA220003010033021200001,한누리치과병원,"서울특별시 중구 퇴계로 97, 3층 306호 (충무로1가, 고려대연각센터빌딩)",37.56094517774798,126.97965732781586,37.56094480000001,126.9825475
148,서울특별시,중구,PHMA220163010033021200002,참바로병원,"서울특별시 중구 다산로 258, 2,3층 (흥인동, 리마크빌)",37.566034251851,127.01375359169754,37.5660339,127.0166438
149,서울특별시,동대문구,PHMA220193050034021200001,서울탑병원,"서울특별시 동대문구 정릉천동로 102, 지하1층~지상4층 (제기동)",37.58136747193005,127.03310197310296,37.5813671,127.0359922
150,서울특별시,동대문구,PHMA220113050034021200002,맑은수병원,서울특별시 동대문구 천호대로83길 44 (장안동),37.56384342265781,127.06258075217016,37.5638431,127.0654709
151,서울특별시,중구,PHMA220063010033021200001,반도정형외과병원,서울특별시 중구 동호로 202 (신당동),37.55598504496543,127.00721793374134,37.5559847,127.0101081
152,서울특별시,중구,PHMA220163010033021200001,광화문자생한방병원,"서울특별시 중구 통일로 92, 케이지타워 1,2,8층 (순화동)",,,37.5636127,126.9692571
153,서울특별시,동대문구,PHMA220113050034021200003,참튼튼병원,서울특별시 동대문구 답십리로 261 (장안동),37.57277496994063,127.06645764398203,37.5727746,127.0693478
154,서울특별시,용산구,PHMA219783020033021200001,순천향대학교 부속 서울병원,서울특별시 용산구 대사관로 59 (한남동),,,37.5337071,127.0043068
155,서울특별시,중랑구,PHMA220063060034021200008,서울특별시 북부병원,서울특별시 중랑구 양원역로 38 (망우동),37.60433224382364,127.10480771498136,37.6043319,127.1076979
156,서울특별시,용산구,PHMA219823020033021200001,소화병원(의료법인 소화병원),"서울특별시 용산구 청파로 383 (서계동, 소화아동병원)",37.5537799964897,126.96576812841812,37.5537029,126.9686375
157,서울특별시,중랑구,PHMA219843060034021200004,강북21세기병원,서울특별시 중랑구 면목로 473 (상봉동),37.5941150200416,127.0828915717042,37.5941147,127.0857818
158,서울특별시,중랑구,PHMA220133060034021200002,팔팔병원,"서울특별시 중랑구 동일로 679 (면목동, 88병원)",,,37.5908852,127.0796598
159,서울특별시,성동구,PHMA220093030033021200001,서울효사랑요양병원,서울특별시 성동구 동일로 93 (성수동2가),37.541160823731055,127.06017185392164,37.5411605,127.063062
160,서울특별시,성북구,PHMA220113070034021200001,의료법인참예원의료재단 성북참요양병원,서울특별시 성북구 북악산로1길 71 (정릉동),37.59760666102234,127.00243148957333,37.5976063,127.0053217
161,서울특별시,성북구,PHMA220113070034021200002,동서요양병원,서울특별시 성북구 동소문로 306 (하월곡동),,,37.6046451,127.0393912
162,서울특별시,성북구,PHMA220063070034021200002,보문효사랑요양병원,서울특별시 성북구 보문로 46 (보문동7가),37.57974655607818,127.01987255002302,37.5806761,127.0209333
163,서울특별시,성북구,PHMA220063070034021200001,서울척병원,서울특별시 성북구 동소문로47길 8 (길음동),37.60883907052101,127.02635953162068,37.6088387,127.0292497
164,서울특별시,성북구,PHMA220033070034021200001,로덴치과병원,서울특별시 성북구 종암로 72 (종암동),,,37.5968745,127.0356401
165,서울특별시,성북구,PHMA220153070034021200001,새마음요양병원,서울특별시 성북구 동소문로 215 (정릉동),37.60136179325435,127.01871054971669,37.6014067,127.0214907
166,서울특별시,성동구,PHMA219723030033021200001,한양대학교병원,서울특별시 성동구 왕십리로 222-1 (사근동),,,37.5623475,127.0468637
167,서울특별시,성북구,PHMA220183070034021200001,성북서울요양병원,서울특별시 성북구 종암로 31 (종암동),37.59311814846325,127.03291513191311,37.5931177,127.0358053
168,서울특별시,성북구,PHMA220183070034021200002,성북우리아이들병원,서울특별시 성북구 동소문로46길 10 (하월곡동),37.606915604331554,127.026418172375,37.6047727,127.0437748
169,서울특별시,성북구,PHMA220143070034021200001,성북웰니스요양병원,서울특별시 성북구 보문로 86 (보문동4가),37.58301166817518,127.01808927457913,37.5818595,127.0215369
170,서울특별시,성북구,PHMA220173070034021200001,더서울병원,서울특별시 성북구 아리랑로 16 (동선동4가),37.59423693361171,127.01362985810242,37.593509,127.0167986
171,서울특별시,성동구,PHMA220163030033021200001,시온요양병원,"서울특별시 성동구 자동차시장1길 85, 지하1,지상3~5층 (용답동, JS빌딩)",37.5604695139975,127.06424155340387,37.5604691,127.0671318
172,서울특별시,성북구,PHMA219853070034021200001,사회복지법인 성가소비녀회 성가복지병원,서울특별시 성북구 종암로 191 (하월곡동),37.60687418849223,127.02785879306737,37.6070742,127.0305156
173,서울특별시,성동구,PHMA220173030033021200002,굿모닝요양병원,"서울특별시 성동구 천호대로 436, 2~7층 (용답동)",37.56072973347574,127.06433293205558,37.56072940000001,127.0672231
174,서울특별시,성동구,PHMA220173030033021200003,9988병원,서울특별시 성동구 왕십리로 269 (행당동),37.55859737254846,127.034598777098,37.5605312,127.0356358
175,서울특별시,성동구,PHMA220203030033021200001,재단법인베스티안재단베스티안서울병원,서울특별시 성동구 왕십리로 382 (하왕십리동),37.56509688637011,127.02514299498412,37.56398739999999,127.0280247
176,서울특별시,성동구,PHMA220003030033021200001,연세슬기병원,서울특별시 성동구 무학로2길 8 (도선동),37.5642920106241,127.02778987813736,37.5642916,127.0306801
177,서울특별시,광진구,PHMA220113040033021200001,바른본병원,서울특별시 광진구 천호대로 630 (능동),37.55381595226779,127.08419015467209,37.5505785,127.0817378
178,서울특별시,성동구,PHMA220193030033021200001,연세바로척병원,서울특별시 성동구 동일로 133 (성수동2가),37.54440894922824,127.06200806783716,37.5444086,127.0648982
179,서울특별시,광진구,PHMA220183040033021200001,서울프라임병원,"서울특별시 광진구 동일로 92-1, B1~2, 2~7층 (자양동)",37.54079152436367,127.06079470791744,37.5407911,127.0636849
180,서울특별시,광진구,PHMA220043040033021200001,광진예치과병원,서울특별시 광진구 천호대로 556 (능동),37.55671005543922,127.07681128238208,37.5567097,127.0797015
181,서울특별시,광진구,PHMA220073040033021200002,제니스병원,서울특별시 광진구 자양로 215 (구의동),37.54651227392228,127.08355495202709,37.5465119,127.0864452
182,서울특별시,광진구,PHMA220083040033021200002,에스(S)리더치과병원,"서울특별시 광진구 능동로 103, 3.4층 (화양동)",37.54037797233254,127.06763544726164,37.5403776,127.0705256
183,서울특별시,광진구,PHMA220123040033021200001,연세무척나은병원,서울특별시 광진구 천호대로 568 (능동),37.55626675759333,127.07791619456589,37.5562664,127.0808064
184,서울특별시,광진구,PHMA220173040033021200001,동부참사랑요양병원,서울특별시 광진구 동일로 154 (화양동),37.54581546227806,127.06352016351497,37.5458151,127.0664104
185,서울특별시,광진구,PHMA219623040033021200001,국립정신건강센터,"서울특별시 광진구 용마산로 127 (중곡동, 국립정신건강센터)",37.56501272623259,127.08290211381424,37.564971,127.0856469
186,서울특별시,광진구,PHMA219823040033021200001,건국대학교병원,서울특별시 광진구 능동로 120-1 (화양동),37.54044280416216,127.0692167774423,37.5449346,127.0713277
187,서울특별시,도봉구,PHMA220053090033021200001,로덴성문치과병원,"서울특별시 도봉구 도봉로 569, 5층 (쌍문동, 준우빌딩)",37.65587469299777,127.03568814149894,37.6558527,127.0385703
188,서울특별시,은평구,PHMA220023110032021200003,본서부병원,서울특별시 은평구 은평로 133 (응암동),,,37.6009705,126.9225885
189,서울특별시,동대문구,PHMA220193050034021200002,엘치과병원,"서울특별시 동대문구 전농로 102, 3층 (답십리동)",37.57404285676025,127.0550538495661,37.5740425,127.057944
190,서울특별시,동대문구,PHMA220003050034021200001,의료법인마리아의료재단마리아병원,서울특별시 동대문구 천호대로 20 (신설동),37.57436864290712,127.0225213132819,37.5779054,127.0260441
191,서울특별시,동대문구,PHMA220023050034021200002,서울특별시 동부병원,서울특별시 동대문구 무학로 124 (용두동),37.5753428807072,127.0286458280418,37.5753425,127.031536
192,서울특별시,동대문구,PHMA220023050034021200003,다일천사병원,"서울특별시 동대문구 서울시립대로 57, 천사병원 B1,1,2,3,6층 (전농동)",37.57656930252703,127.0448161425609,37.5765804,127.0476409
193,서울특별시,동대문구,PHMA220033050034021200001,코리아병원,서울특별시 동대문구 장한로 143 (장안동),37.573212423594605,127.06860813062043,37.573212,127.0714983
194,서울특별시,동대문구,PHMA220033050034021200002,시카고치과병원,서울특별시 동대문구 천호대로 2 (신설동),37.57504467077129,127.0206810841214,37.5783838,127.0271122
195,서울특별시,동대문구,PHMA220073050034021200002,신우요양병원,"서울특별시 동대문구 한천로 207, 지하1,지상1,3~6층 (전농동)",37.5794718125778,127.06516358259064,37.5794714,127.0680537
196,서울특별시,동대문구,PHMA220073050034021200005,햇살요양병원,"서울특별시 동대문구 장한로 152, 지하1~2층, 지상3 ~10층 (장안동)",37.57403522711659,127.06931484680736,37.5740349,127.0722051
197,서울특별시,동대문구,PHMA220123050034021200001,하늘병원,"서울특별시 동대문구 천호대로 317, 하늘병원 (답십리동)",37.56527051065116,127.0525838857628,37.5652181,127.0555774
198,서울특별시,동대문구,PHMA220113050034021200004,날개병원,서울특별시 동대문구 무학로 193-1 (용두동),37.58161511613937,127.02657802436543,37.5816147,127.0294682
199,서울특별시,동대문구,PHMA220093050034021200001,영동병원,서울특별시 동대문구 한천로 4 (장안동),37.56326042376328,127.05565578782463,37.570207,127.0700249
200,서울특별시,동대문구,PHMA220113050034021200001,서울나은병원,서울특별시 동대문구 왕산로 137 (제기동),37.57854578219585,127.03583284987576,37.5883231,127.0369644
201,서울특별시,동대문구,PHMA220023050034021200001,서울명병원,서울특별시 동대문구 고산자로 421 (용두동),37.577381029575776,127.03509741940915,37.5773807,127.0379876
202,서울특별시,동대문구,PHMA220153050034021200001,멘토스병원,서울특별시 동대문구 한천로 49 (답십리동),37.566607766210176,127.05863626961312,37.5701894,127.0607706
203,서울특별시,동대문구,PHMA219713050034021200003,경희대학교치과병원,"서울특별시 동대문구 경희대로 23 (회기동, 경희의료원)",37.59671259198984,127.04850461982858,37.5938755,127.0513235
204,서울특별시,동대문구,PHMA220153050034021200002,서울에이스요양병원,서울특별시 동대문구 고산자로 379 (용두동),37.57369877007672,127.03484128700894,37.5736984,127.0377315
205,서울특별시,동대문구,PHMA220083050034021200002,효림요양병원,서울특별시 동대문구 천호대로 259-1 (답십리동),37.56864404569222,127.04807111927607,37.5704795,127.0570001
206,서울특별시,은평구,PHMA220193110032021100001,가톨릭대학교 은평성모병원,서울특별시 은평구 통일로 1021 (진관동),,,37.6335822,126.9161092
207,서울특별시,동대문구,PHMA219713050034021200001,경희대학교한방병원,서울특별시 동대문구 경희대로 23 (회기동),,,37.5967122,127.0513948
208,서울특별시,동대문구,PHMA219923050034021200001,삼육치과병원,서울특별시 동대문구 망우로 82 (휘경동),37.58744372603896,127.06035427155828,37.589321,127.064443
209,서울특별시,동대문구,PHMA220113050034021200006,린여성병원,"서울특별시 동대문구 답십리로 266, 파워스빌딩 (장안동)",37.572233864232494,127.066945583955,37.5722335,127.0698358
210,서울특별시,동대문구,PHMA219763050034021200001,삼육서울병원,서울특별시 동대문구 망우로 82 (휘경동),37.58933076592604,127.06155788164604,37.589321,127.064443
211,서울특별시,은평구,PHMA219803110032021200001,의료법인 청구성심병원,서울특별시 은평구 통일로 873 (갈현동),,,37.621541,126.913578
212,서울특별시,은평구,PHMA220043110032021200001,연세노블병원,서울특별시 은평구 서오릉로 37 (녹번동),37.60405966736751,126.92158409677072,37.6024109,126.9351358
213,서울특별시,중랑구,PHMA220163060034021200001,연세본병원,"서울특별시 중랑구 면목로 310, 4,5,6,7층일부층 (면목동)",37.5796204766796,127.08510082633258,37.5796201,127.087991
214,서울특별시,동대문구,PHMA219913050034021200001,서울성심병원,"서울특별시 동대문구 왕산로 259, 서울성심병원 (청량리동)",37.5842853009308,127.04707367206127,37.58414390000001,127.0498232
215,서울특별시,동대문구,PHMA220163050034021200001,대한민국요양병원,"서울특별시 동대문구 장한로 200 (장안동, KS빌딩)",37.57827487581602,127.0696177295856,37.5782745,127.0725079
216,서울특별시,중랑구,PHMA220083060034021200008,마디세상병원,서울특별시 중랑구 동일로 890 (묵동),37.60991146435946,127.07532552069743,37.6099111,127.0782157
217,서울특별시,서대문구,PHMA219743120033021200001,연세대학교치과대학치과병원,서울특별시 서대문구 연세로 50-1 (신촌동),37.564699643057445,126.9366069810422,37.5646993,126.9394972
218,서울특별시,중랑구,PHMA220073060034021200015,조앤조병원,"서울특별시 중랑구 망우로 474 (망우동, 조앤조병원)",37.60027291504751,127.10182588029124,37.6002725,127.1047161
219,서울특별시,동대문구,PHMA220173050034021200001,지혜병원,서울특별시 동대문구 천호대로 421 (장안동),37.56174473449714,127.06305490305606,37.5641552,127.0641598
220,서울특별시,중랑구,PHMA220143060034021200001,마인드웰병원,"서울특별시 중랑구 망우로 403, 5층,6층,7층 (망우동)",37.59955571887474,127.0940378470757,37.5995554,127.096928
221,서울특별시,중랑구,PHMA220113060034021200003,디앤에프병원,"서울특별시 중랑구 봉화산로 64 (중화동, 디엔에프병원)",37.60147342215921,127.07859172087012,37.60147342215921,127.07859172087012
222,서울특별시,노원구,PHMA220153100034021200001,서울제일한방병원,"서울특별시 노원구 노원로 461, 2층 (상계동)",37.65733713079689,127.0625583244828,37.6573368,127.0654485
223,서울특별시,중랑구,PHMA220163060034021200002,늘찬병원,"서울특별시 중랑구 동일로 643, 화성빌딩 지하1, 2~8층 (면목동)",37.587979247030205,127.07674133861534,37.5879789,127.0796315
224,서울특별시,성북구,PHMA219883070034021200001,의료법인서광의료재단 성북중앙병원,서울특별시 성북구 종암로 72 (종암동),37.59687489207691,127.03274988091424,37.5968745,127.0356401
225,서울특별시,구로구,PHMA219833160034021200001,고려대학교의과대학부속구로병원,"서울특별시 구로구 구로동로 148, 고려대부속구로병원 (구로동)",37.49210902319425,126.88185425995248,37.4922173,126.8849478
226,서울특별시,도봉구,PHMA220123090033021200003,포근한맘요양병원,"서울특별시 도봉구 삼양로 606, 2~5층 (쌍문동)",37.65706138701175,127.01096178832172,37.657061,127.013852
227,서울특별시,강서구,PHMA220113150037021200001,부민병원,"서울특별시 강서구 공항대로 389, 부민병원 (등촌동)",37.55683990650637,126.84810450770708,37.556895,126.850927
228,서울특별시,강서구,PHMA220003150037021200002,미즈메디병원,서울특별시 강서구 강서로 295 (내발산동),37.552225331315405,126.8331191443234,37.5524944,126.8333061
229,서울특별시,강서구,PHMA220033150037021200003,로고스치과병원,"서울특별시 강서구 공항대로 281, 3층 (등촌동)",37.55883305213332,126.83595967725958,37.5575223,126.8559611
230,서울특별시,도봉구,PHMA220153090033021200001,베이직병원,"서울특별시 도봉구 삼양로 610, 지하1층층 지상1,2,3,4호 (쌍문동, 산수디앤씨)",37.65742524492405,127.01112322669184,37.6574249,127.0140134
231,서울특별시,도봉구,PHMA220083090033021200003,다나병원,서울특별시 도봉구 해등로 129 (창동),37.65503721185098,127.03749558740166,37.6550369,127.0403858
232,서울특별시,구로구,PHMA220133160034021200002,아름제일병원,"서울특별시 구로구 새말로 94, 2~6층, 9층 / 새말로 110 지하1층동 3~6층 (구로동)",37.5054653391059,126.88757048116004,37.505465,126.8904607
233,서울특별시,도봉구,PHMA220123090033021200001,성모샘병원,"서울특별시 도봉구 도봉로 683, 5,6,7층 (방학동)",37.66557335551779,127.03927948057942,37.66557299999999,127.0421697
234,서울특별시,구로구,PHMA220003160034021200003,구로성심병원,"서울특별시 구로구 경인로 427, 구로성심병원 (고척동)",37.49962844996833,126.86348656433702,37.4996208,126.866356
235,서울특별시,금천구,PHMA220123170035021200001,금천수요양병원,"서울특별시 금천구 남부순환로 1400, 2~9층 (독산동)",37.48001044417191,126.90360237034734,37.4800101,126.9064926
236,서울특별시,구로구,PHMA220103160034021200002,아나파한방병원,"서울특별시 구로구 중앙로1길 18-18, 2층 (고척동, 신원프라자)",37.49927486673463,126.8607286175098,37.49927450000001,126.8636188
237,서울특별시,중랑구,PHMA220033060034021200027,녹색병원,서울특별시 중랑구 사가정로49길 53 (면목동),37.58354316761332,127.08332326363406,37.5835428,127.0862135
238,서울특별시,노원구,PHMA220043100034021200001,강북예치과병원,"서울특별시 노원구 노해로81길 5-6, 노원스퀘어 5-7층 (상계동)",37.65522905345075,127.0594965459192,37.6552273,127.0624913
239,서울특별시,영등포구,PHMA220133180034021200001,한강수병원,"서울특별시 영등포구 영등포로 83, 한강수병원 (양평동1가)",,,37.5223465,126.890717
240,서울특별시,관악구,PHMA219843200033021200001,의료법인서울효천의료재단 에이치플러스양지병원,"서울특별시 관악구 남부순환로 1636, 양지병원 (신림동)",37.484207991282695,126.9296229845218,37.48413,126.9325195
241,서울특별시,관악구,PHMA220193200033021200001,더웰샘한방병원,"서울특별시 관악구 남현길 7, 한일프라자 4, 6층 (남현동)",37.4760637236453,126.97481932980936,37.4760633,126.9777095
242,서울특별시,관악구,PHMA220063200033021200002,강남힐병원,"서울특별시 관악구 남부순환로 1449, 강남힐병원 (신림동)",37.48167279006879,126.90883415748856,37.4815354,126.9118202
243,서울특별시,은평구,PHMA220143110032021200001,한국효요양병원,"서울특별시 은평구 은평로 170, 6층,7층,8층 (응암동, 상현빌딩동)",,,37.6012086,126.9269039
244,서울특별시,은평구,PHMA120193110032021100001,가톨릭대학교 은평성모병원,서울특별시 은평구 통일로 1021 (진관동),37.6421874248757,126.91551237736462,37.6335822,126.9161092
245,서울특별시,은평구,PHMA220163110032021200002,의료법인 성누가의료재단 성누가병원,"서울특별시 은평구 통일로 726, 불광메디컬타워 1~12층 (불광동)",37.610522176344666,126.92743769563351,37.6105218,126.9303279
246,서울특별시,은평구,PHMA220113110032021200002,연세에덴요양병원,서울특별시 은평구 통일로 669 (녹번동),37.60610811250008,126.9304845525948,37.6061077,126.9333747
247,서울특별시,은평구,PHMA220123110032021200001,오렌지요양병원,"서울특별시 은평구 연서로 209, 보성빌 2,3일부,4~6층 (갈현동)",37.61733718355879,126.9159079568692,37.6173368,126.9187981
248,서울특별시,은평구,PHMA220163110032021200001,21C메트로한방병원,"서울특별시 은평구 갈현로 24, 2층 201,202호 (신사동)",37.60020453943959,126.90757454879,37.6002042,126.9104647
249,서울특별시,은평구,PHMA220093110032021200001,서울특별시서북병원,서울특별시 은평구 갈현로7길 49 (역촌동),37.60430820035867,126.90082415780071,37.607074,126.9114516
250,서울특별시,은평구,PHMA220183110032021200001,시온한방병원,"서울특별시 은평구 응암로 267, 정원빌딩 (응암동)",37.59590295715023,126.91577958164316,37.59583569999999,126.9186689
251,서울특별시,은평구,PHMA220063110032021200001,문치과병원,서울특별시 은평구 통일로 809-1 (대조동),,,37.6161193,126.9237253
252,서울특별시,은평구,PHMA219983110032021200001,서울재활병원,서울특별시 은평구 갈현로11길 30 (구산동),37.605677501172416,126.9039247795303,37.6105584,126.9113127
253,서울특별시,은평구,PHMA220023110032021200002,서울병원,서울특별시 은평구 진흥로 191 (대조동),37.60882785541746,126.92784551900016,37.6150894,126.9231934
254,서울특별시,은평구,PHMA219663110032021200001,서울특별시은평병원,서울특별시 은평구 백련산로 90 (응암동),37.59671989291532,126.9219191921705,37.5938708,126.9237006
255,서울특별시,은평구,PHMA220063110032021200002,은평연세병원,서울특별시 은평구 연서로 177 (갈현동),37.61470764057769,126.9145466820867,37.621541,126.913578
256,서울특별시,서대문구,PHMA220153120033021200002,잎사귀치과병원,"서울특별시 서대문구 연세로5길 26, 5,7,9층 (창천동)",37.55656937558503,126.93254243860042,37.556569,126.9354326
257,서울특별시,송파구,PHMA220103230034021200002,의료법인참예원의료재단 송파참요양병원,"서울특별시 송파구 마천로 164, 송파참병원 (오금동)",37.50352022507772,127.13453330308596,37.5034894,127.1373967
258,서울특별시,강남구,PHMA220133220033021200001,안강병원,"서울특별시 강남구 언주로 327, 지하1층, 2~7층 (역삼동)",37.49706776681335,127.04203087600042,37.4970674,127.0449211
259,서울특별시,은평구,PHMA220173110032021200001,리드힐병원,"서울특별시 은평구 연서로 10, 지하2~지상9층 (역촌동)",37.60001308901161,126.9135463721882,37.5997962,126.9164468
260,서울특별시,강남구,PHMA220163220033021200002,메디움강남요양병원,서울특별시 강남구 강남대로 276(도곡동),37.48803352282327,127.02994919353807,37.48859059999999,127.0452757
261,서울특별시,은평구,PHMA220073110032021200001,하나효요양병원,"서울특별시 은평구 서오릉로 149, 세웅그룹빌딩 3~9층 (구산동)",37.61155545443954,126.91330023421354,37.6115551,126.9161904
262,서울특별시,강남구,PHMA220173220033021200002,포레스트요양병원,"서울특별시 강남구 도산대로 209, 포레스트요양병원 (신사동)",37.520534693187386,127.02648821311048,37.520478,127.0293822
263,서울특별시,강남구,PHMA220163220033021200001,트리니티요양병원,"서울특별시 강남구 봉은사로 535 (삼성동, 트리니티재활병원빌딩, 지하1,2층, 지상1~11층)",37.51426167269055,127.0557677752835,37.5142613,127.058658
264,서울특별시,서대문구,PHMA220063120033021200001,강북연세요양병원,서울특별시 서대문구 성산로 335 (연희동),37.56613138952903,126.92468643289034,37.566131,126.9275766
265,서울특별시,서대문구,PHMA220153120033021200001,제이여성병원,"서울특별시 서대문구 통일로 442 (홍제동, 제이여성병원)",37.58851989068874,126.94202567599294,37.5884637,126.9449078
266,서울특별시,서대문구,PHMA220153120033021200003,가자연세병원,"서울특별시 서대문구 수색로 18, 2~5층 (남가좌동, 영보웨딩부페)",37.5689251270044,126.91371605423414,37.5689223,126.9165866
267,서울특별시,서대문구,PHMA220163120033021200001,효담요양병원,서울특별시 서대문구 통일로 544 (홍은동),37.59626467446663,126.93670955044496,37.5962643,126.9395997
268,서울특별시,서대문구,PHMA220043120033021200001,의료법인제민의료재단동서병원,서울특별시 서대문구 성산로 365-14 (연희동),,,37.5646269,126.9301576
269,서울특별시,서대문구,PHMA219913120033021200001,의료법인 원중의료재단 우리내일병원,"서울특별시 서대문구 신촌로37길 10, 우리내일병원 지하4층~지하1층 ,4층~10층호 (북아현동)",37.55771246125214,126.95414738987613,37.5576728,126.956993
270,서울특별시,서대문구,PHMA219843120033021200001,의료법인제민의료재단동서한방병원,서울특별시 서대문구 성산로 365-14 (연희동),37.56462725659132,126.92726743266424,37.5646269,126.9301576
271,서울특별시,서대문구,PHMA220083120033021200002,사랑요양병원,서울특별시 서대문구 수색로 131 (북가좌동),37.57417261549144,126.90275200736546,37.5741722,126.9056422
272,서울특별시,서대문구,PHMA219943120033021200001,의료법인동신의료재단 동신병원,"서울특별시 서대문구 연희로 272, 동신병원 본관동 (홍은동)",37.58130503435697,126.93360961217137,37.58115590000001,126.9365265
273,서울특별시,은평구,PHMA219973110032021200001,인정병원,서울특별시 은평구 응암로 164 (응암동),,,37.5865364,126.9163516
274,서울특별시,서대문구,PHMA219843120033021200002,재단법인대성병원,서울특별시 서대문구 세무서길 20 (홍제동),37.58889711340985,126.94295050324324,37.5888967,126.9458407
275,서울특별시,마포구,PHMA219993130033021200001,신촌연세병원,"서울특별시 마포구 서강로 110, 지2층~6층 (신수동)",37.55246452926838,126.93077109715448,37.5524642,126.9336613
276,서울특별시,마포구,PHMA219953130033021200001,혜당한방병원,"서울특별시 마포구 독막로 32, A동 지1,123457층 (합정동)",,,37.5480746,126.9167911
277,서울특별시,강남구,PHMA220153220033021200003,강남초이스정형외과병원,"서울특별시 강남구 테헤란로 337 (역삼동, 4~9층)",,,37.5047883,127.0484604
278,서울특별시,강남구,PHMA220063220033021200005,누네안과병원,"서울특별시 강남구 테헤란로 408, 대치빌딩 지상9층~지상17층 (대치동)",37.50452020941774,127.04739516132943,37.5045198,127.0502854
279,서울특별시,마포구,PHMA220123130033021200001,에스엠씨요양병원,"서울특별시 마포구 월드컵북로 165, 지하1층~5층 (성산동, SMC)",37.56688411043273,126.90701792313816,37.5668837,126.9099081
280,서울특별시,마포구,PHMA220133130033021200001,네모치과병원,"서울특별시 마포구 양화로 178, 3층 (동교동)",37.55753089131676,126.92226159419724,37.5575305,126.9251518
281,서울특별시,마포구,PHMA220133130033021200002,한그루치과병원,"서울특별시 마포구 마포대로 78, 자람빌딩 3층 (도화동)",37.54191670461164,126.94691207148712,37.5418429,126.949723
282,서울특별시,마포구,PHMA220153130033021200001,신촌다인치과병원,"서울특별시 마포구 신촌로 94, 10층,11층 (노고산동, 그랜드플라자)",37.55512147590787,126.9330911853484,37.5551211,126.9359814
283,서울특별시,송파구,PHMA220193230034021200005,학교법인혜화학원 대전대학교서울한방병원,"서울특별시 송파구 법원로11길 32, 지하2~1층, 지상5~11층,13층 (문정동)",,,37.4816698,127.1206971
284,서울특별시,양천구,PHMA220033140033021200001,포미즈여성병원,"서울특별시 양천구 공항대로 610 (목동, 정종일산부인과)",37.5467624447399,126.86929515891612,37.5490957,126.8657684
285,서울특별시,마포구,PHMA220173130033021200001,연세한강병원,"서울특별시 마포구 마포대로 25, 대농빌딩 2,3,5층 (마포동)",37.53942385415123,126.9419071268774,37.5394235,126.9447973
286,서울특별시,양천구,PHMA220183140033021200001,목동제일여성병원,서울특별시 양천구 중앙로 300 (신정동),37.52302524496415,126.84892786872042,37.5230249,126.851818
287,서울특별시,송파구,PHMA220143230034021200002,미래본병원,"서울특별시 송파구 송파대로 562, 2,3,8층 (신천동, 한빛프라자,삼성웰리스아파트)",37.515331859222975,127.09665215573816,37.51533149999999,127.0995423
288,서울특별시,송파구,PHMA220053230034021201566,의료법인일맥의료재단 인애가요양병원,"서울특별시 송파구 마천로15길 6, 인애가요양병원 (오금동)",37.50521659897943,127.13253811900134,37.505327,127.134989
289,서울특별시,양천구,PHMA220123140033021200002,라온휴병원,"서울특별시 양천구 신월로 164, 8층 9층 (신월동, 승일뷰티타워)",37.51770784108361,126.83911613643092,37.5177074,126.8420063
290,서울특별시,양천구,PHMA220113140033021200002,서울특별시서남병원,서울특별시 양천구 신정이펜1로 20 (신정동),37.51189561800297,126.83026716752542,37.5118952,126.8331574
291,서울특별시,양천구,PHMA220073140033021200001,양천효요양병원,"서울특별시 양천구 오목로 121 (신정동, 양천효요양병원)",37.52431212520227,126.84824411288372,37.5243117,126.8511343
292,서울특별시,양천구,PHMA220023140033021200001,이엔이치과병원,서울특별시 양천구 신정중앙로 103 (신정동),37.526501544095,126.86047774425364,37.5265011,126.8633679
293,서울특별시,양천구,PHMA220093140033021200001,목동중앙치과병원,"서울특별시 양천구 목동서로 285, 황금프라자 10층 (신정동)",37.521841597268505,126.86626687154563,37.521898,126.8690567
294,서울특별시,강동구,PHMA220143240033021200005,남기세병원,서울특별시 강동구 천호대로 1133 (길동),37.53469643031629,127.13461825895948,37.5346961,127.1375085
295,서울특별시,강동구,PHMA220033240033021200001,강동미즈여성병원,서울특별시 강동구 천호대로 1043 (천호동),,,37.5376011,127.1281052
296,서울특별시,강동구,PHMA220183240033021200001,고은빛여성병원,서울특별시 강동구 천호대로 1151 (길동),,,37.5341523,127.1393233
297,서울특별시,강동구,PHMA220083240033021200001,허리나은병원,서울특별시 강동구 천호대로 1012 (성내동),,,37.5304933,127.128992
298,서울특별시,강서구,PHMA220193150037021200002,강서바른세상병원,"서울특별시 강서구 금낭화로 9, 바른세상병원 1,2,3,4,5,층 6,7호 (방화동)",37.5661175943872,126.80869634272584,37.5661172,126.8115865
299,서울특별시,강서구,PHMA220193150037021200003,에스앤유서울병원,"서울특별시 강서구 공항대로 237, 에이스타워 마곡 3,4,5,6층 (마곡동)",,,37.5747529,126.8384441
300,서울특별시,강서구,PHMA220193150037021200001,힘찬하나로한방병원,"서울특별시 강서구 강서로 173, 터보빌딩 7,8,9층 (화곡동)",37.54193373945041,126.836751756782,37.5419334,126.8396419
301,서울특별시,강서구,PHMA220183150037021200001,서울큰나무병원,"서울특별시 강서구 강서로 206, 2,3,4,5,6층 (화곡동)",37.54452918965956,126.83515160955425,37.5445288,126.8380418
302,서울특별시,강서구,PHMA220073150037021200002,서울스타병원,"서울특별시 강서구 강서로 307, 서울스타병원빌딩 3,4,5,6,7,층 8,9호 (내발산동)",37.553257115991286,126.83333842089624,37.55323,126.8362668
303,서울특별시,강서구,PHMA220093150037021200001,더와이즈치과병원,"서울특별시 강서구 화곡로 186, 세웅빌딩 1~5층 (화곡동)",37.54218327221365,126.83926806095084,37.5421829,126.8421582
304,서울특별시,강서구,PHMA220163150037021200001,365강서수요양병원,"서울특별시 강서구 양천로 35, 1~6층 (방화동)",37.57301003859483,126.80478138944156,37.5730096,126.8076716
305,서울특별시,강서구,PHMA220173150037021200001,경희생생한방병원,"서울특별시 강서구 공항대로41길 34, 플러스존 3,4층 (등촌동)",37.55930120830967,126.8428408628015,37.55925560000001,126.8456771
306,서울특별시,강서구,PHMA220043150037021200002,솔병원,"서울특별시 강서구 방화대로 352, 1~4층 (방화동)",37.57228204996381,126.81432471725154,37.5722817,126.8172149
307,서울특별시,강서구,PHMA220103150037021200003,강서힘찬병원,"서울특별시 강서구 강서로56길 38 (등촌동, 강서힘찬병원)",37.55919911731128,126.83776290284058,37.5591924,126.840646
308,서울특별시,강동구,PHMA220133240033021200003,달려라병원,서울특별시 강동구 천호대로 1165 (길동),,,37.5341106,127.1409322
309,서울특별시,도봉구,PHMA220083090033021200004,의성한방병원,"서울특별시 도봉구 도봉로152길 26, 렉시온프라자 2, 3, 4층 (방학동)",37.66925542642918,127.04235125354172,37.6691927,127.0452616
310,서울특별시,강동구,PHMA220143240033021200001,한국보훈복지의료공단 서울요양병원,"서울특별시 강동구 진황도로61길 53, 중앙보훈병원 (둔촌동)",37.52969727903149,127.14482697203589,37.52969727903149,127.14482697203589
311,서울특별시,강동구,PHMA220123240033021200001,공안과병원,서울특별시 강동구 풍성로37길 45 (성내동),,,37.5338644,127.1260423
312,서울특별시,강서구,PHMA220103150037021200001,새빛요양병원,"서울특별시 강서구 화곡로61길 109, 천수빌딩 2,3,4,5층 (등촌동)",37.55828755444909,126.8434256563456,37.5582557,126.8465382
313,서울특별시,강서구,PHMA220093150037021200002,의료법인 나누리병원,"서울특별시 강서구 가로공원로 187, 나누리강서병원 (화곡동)",37.53739023219539,126.83384340251187,37.5373118,126.8366869
314,서울특별시,강동구,PHMA220123240033021200003,사랑플러스병원,서울특별시 강동구 양재대로 1580 (명일동),37.54668036999298,127.14068968536806,37.54667999999999,127.1435799
315,서울특별시,광진구,PHMA219853040033021200001,혜민병원,서울특별시 광진구 자양로 85 (자양동),37.53518875790739,127.08057395797752,37.5351884,127.0834641
316,서울특별시,강서구,PHMA220123150037021200001,우리들병원,서울특별시 강서구 하늘길 70 (과해동),37.56181071961991,126.79576851998266,37.5618103,126.7986587
317,서울특별시,강서구,PHMA220123150037021200002,방화병원,"서울특별시 강서구 양천로 92, 지하1, 지상1~6층 층호 (방화동, 방화정형외과)",37.573178098228695,126.8111211961606,37.5731777,126.8140114
318,서울특별시,노원구,PHMA220163100034021200001,강북연세병원,서울특별시 노원구 동일로 996 (공릉동),37.61926656532869,127.07256659465445,37.6304722,127.0909904
319,서울특별시,노원구,PHMA220173100034021200001,의료법인 행복나눔의료재단 사랑요양병원,"서울특별시 노원구 동일로243길 45 (상계동, 사랑요양병원)",37.6784250109787,127.04957098016104,37.678406,127.052625
320,서울특별시,노원구,PHMA220163100034021200002,더조은요양병원,서울특별시 노원구 화랑로 323 (월계동),37.61487153675719,127.06073802047264,37.6282394,127.0567599
321,서울특별시,종로구,PHMA219893000034021200002,서울지구병원,서울특별시 종로구 삼청로10길 13 (삼청동),,,37.5880573,126.9828623
322,서울특별시,강서구,PHMA220083150037021200002,서울바로나치과병원,"서울특별시 강서구 화곡로 176-4, 5층 (화곡동)",37.54164473113544,126.8382688412022,37.5416444,126.841159
323,서울특별시,강서구,PHMA219863150037021200001,실로암안과병원,"서울특별시 강서구 등촌로 181 (등촌동, 실로암안과병원)",37.54614984350852,126.8590650496162,37.5460231,126.8622072
324,서울특별시,강서구,PHMA219943150037021200001,유광사여성병원,서울특별시 강서구 강서로 194 (화곡동),37.543649667341015,126.83603356142793,37.5436493,126.8389237
325,서울특별시,노원구,PHMA220133100034021200002,노원솔요양병원,"서울특별시 노원구 덕릉로 690, 기업은행 2,3,4,5층 (중계동)",37.65917275001666,127.07287928377109,37.6591724,127.0757695
326,서울특별시,노원구,PHMA220143100034021200001,희망요양병원,서울특별시 노원구 상계로26길 7 (상계동),37.65822715426093,127.06799436791854,37.6582268,127.0708846
327,서울특별시,노원구,PHMA220083100034021200001,방병원,"서울특별시 노원구 동일로 989, 1~9층 (공릉동)",37.618417724008,127.07211678774686,37.6184173,127.075007
328,서울특별시,노원구,PHMA220103100034021200001,다인치과병원,"서울특별시 노원구 노해로 507, 5층 (상계동, 와우쇼핑몰)",37.655339210707794,127.06087122206104,37.6553388,127.0637614
329,서울특별시,노원구,PHMA220053100034021200003,선의요양병원,"서울특별시 노원구 동일로 1419, 9층~11층 (상계동)",37.65530666533655,127.05696096106826,37.6553063,127.0598512
330,서울특별시,강서구,PHMA219993150037021200001,핑크힐병원,서울특별시 강서구 양천로 712 (염창동),37.549468362874165,126.87198465111004,37.549468,126.8748748
331,서울특별시,노원구,PHMA220073100034021200001,태릉마이크로병원,서울특별시 노원구 동일로 987 (공릉동),37.61825783759735,127.0721058188026,37.6304722,127.0909904
332,서울특별시,강서구,PHMA220013150037021200001,강서필병원,서울특별시 강서구 강서로17길 24 (화곡동),37.53300185924033,126.84144544940222,37.5330015,126.8443356
333,서울특별시,강서구,PHMA220013150037021200002,참요양병원,서울특별시 강서구 강서로 182 (화곡동),37.54281460450077,126.83682324174136,37.5428142,126.8397134
334,서울특별시,강서구,PHMA220033150037021200001,강서송도병원,"서울특별시 강서구 공항대로 315 (등촌동, 서울시니어강서타워)",37.55851033503642,126.83994029688392,37.5584666,126.8427925
335,서울특별시,강서구,PHMA220103150037021200002,서울대효병원,"서울특별시 강서구 강서로47가길 33, 덕산빌딩 2,3,4,5,6층 (내발산동)",37.55098276495578,126.83287616472651,37.5509824,126.8357663
336,서울특별시,강서구,PHMA220033150037021200002,웰튼병원,"서울특별시 강서구 마곡중앙5로 22, 지하1,2지상4,1층 0,11,12호 (마곡동)",37.567251266654345,126.82241267363555,37.5672509,126.8253028
337,서울특별시,구로구,PHMA220193160034021200001,오케이요양병원,"서울특별시 구로구 중앙로 64, 고척프라자 가동 4,5층/나동3,4층 (고척동)",,,37.5038001,126.8628007
338,서울특별시,강동구,PHMA220173240033021200001,서울현대요양병원,서울특별시 강동구 올림픽로 684 (천호동),37.542267314112,127.12241639003652,37.542267,127.1253066
339,서울특별시,구로구,PHMA220163160034021200001,의료법인 서울효천의료재단 에이치플러스자립병원,"서울특별시 구로구 공원로6가길 4, 고려 수 타워 (구로동)",37.50188882740961,126.88869948426722,37.5018885,126.8915897
340,서울특별시,영등포구,PHMA220143180034021200003,새롬한방병원,"서울특별시 영등포구 도신로 41 (대림동, 코스모메디칼)",,,37.5051816,126.8974098
341,서울특별시,강동구,PHMA220143240033021200003,참잘함한방병원,"서울특별시 강동구 양재대로 1517, 남해빌딩 2층일부, 3~5층 (천호동)",37.54129347808925,127.13793615108288,37.5412353,127.140871
342,서울특별시,관악구,PHMA220103200033021200001,서울퍼스트병원,"서울특별시 관악구 은천로 51 (봉천동, 2,3,4,5,6층)",37.486247330291775,126.93819855744582,37.4862469,126.9410887
343,서울특별시,강동구,PHMA220143240033021200002,더셀채원병원,"서울특별시 강동구 성내로 66, 채원자연통합병원빌딩 (성내동)",37.527662838041785,127.12414534850292,37.527662838041785,127.12414534850292
344,서울특별시,구로구,PHMA220183160034021200002,더세인트요양병원,"서울특별시 구로구 경인로 218, 더세인트빌딩 B1.B중,3~15층 (오류동)",37.49624882301664,126.84226572935432,37.4962484,126.8451559
345,서울특별시,구로구,PHMA220113160034021200001,예스병원,"서울특별시 구로구 구로동로 147, MEDI FLOWER 147 (구로동)",37.49174648197688,126.88045952916832,37.4917461,126.8833497
346,서울특별시,구로구,PHMA220193160034021200003,일로한방병원,"서울특별시 구로구 경인로 176, 501,502,601호 (오류동, 시티월드)",37.49442452818817,126.83818261583072,37.4943138,126.841017
347,서울특별시,구로구,PHMA220103160034021200003,참튼튼병원,"서울특별시 구로구 시흥대로 547, 금강빌딩 지하1,2~10층(구로동), 디지털로32가길 25, 티타운빌딩 B102,103,205,206,302 (구로동)",37.482155420955365,126.89748048293986,37.4821697,126.8988986
348,서울특별시,구로구,PHMA220133160034021200001,의료법인 우리아이들 의료재단 우리아이들병원,"서울특별시 구로구 새말로 15, 2~9층 (구로동, 삼전솔하임)",37.502197460682176,126.87959160397963,37.5021971,126.8824818
349,서울특별시,구로구,PHMA220183160034021200001,재단법인 제중의료복지재단 제중요양병원,"서울특별시 구로구 새말로 60, 제중요양병원 지하2,동 1~9층 (구로동)",,,37.5033217,126.8866996
350,서울특별시,강북구,PHMA219953080033021200001,경희치과병원,"서울특별시 강북구 도봉로 358 (번동, 코스타타워)",37.63924999406111,127.02444760504711,37.6391935,127.027296
351,서울특별시,구로구,PHMA220123160034021200002,삼성미래여성병원,"서울특별시 구로구 서해안로 2296, 삼성미래여성병원 (오류동)",37.49123220646732,126.83753507702176,37.4912666,126.8404118
352,서울특별시,강남구,PHMA219903220033021200001,차의과학대학교 강남차병원,"서울특별시 강남구 논현로 566, 강남차병원(역삼동650-9, 606-4, 605외2필지(지하7층~지하1층, 지상2층~7층)) (역삼동)",37.5069054349463,127.03159417281148,37.506905,127.0344844
353,서울특별시,구로구,PHMA220043160034021200007,마루치과병원,서울특별시 구로구 새말로 110 (구로동),,,37.5062335,126.8920259
354,서울특별시,구로구,PHMA220143160034021200001,연세사랑모아여성병원,서울특별시 구로구 중앙로 100 (고척동),37.50634070839431,126.85773235233972,37.5063403,126.8606225
355,서울특별시,구로구,PHMA219763160034021200005,의료법인다나의료재단구로다나병원,"서울특별시 구로구 개봉로 126 (개봉동, 구로다나병원빌딩)",37.49691938938449,126.85386821819893,37.4968022,126.8568913
356,서울특별시,구로구,PHMA220073160034021200004,의료법인 어울림의료재단 정성요양병원,"서울특별시 구로구 남부순환로 1287, 정성요양병원 2.3.5층 남부순환로 107길 24동 (가리봉동)",37.47895628628565,126.89095617479902,37.4789329,126.8938691
357,서울특별시,강북구,PHMA219943080033021200001,국립재활원,"서울특별시 강북구 삼각산로 58 (수유동, 국립재활원)",,,37.6391706,127.0106175
358,서울특별시,강북구,PHMA219823080033021200001,의료법인성화의료재단  대한병원,"서울특별시 강북구 도봉로 301 (수유동, 대한병원)",37.63540490287476,127.020013134218,37.6352594,127.0228979
359,서울특별시,강북구,PHMA220043080033021200001,햇빛병원,서울특별시 강북구 도봉로 74 (미아동),37.615730438531166,127.02733146327952,37.6157301,127.0302217
360,서울특별시,강북구,PHMA219823080033021200002,신일병원,서울특별시 강북구 덕릉로 73 (수유동),37.63478827399679,127.01894049678322,37.6347879,127.0218307
361,서울특별시,강동구,PHMA219833240033021200002,한국보훈복지의료공단 중앙보훈병원,서울특별시 강동구 진황도로61길 53 (둔촌동),37.52969727903149,127.14482697203589,37.5296969,127.1477172
362,서울특별시,구로구,PHMA220143160034021200002,목동현대요양병원,"서울특별시 구로구 중앙로 91, 본소클리닉스 (고척동)",,,37.5055576,126.8604289
363,서울특별시,도봉구,PHMA219743090033021200001,의료법인한전의료재단 한일병원,"서울특별시 도봉구 우이천로 308, 한일병원 (쌍문동)",37.64591605033264,127.02584057910802,37.6458568,127.0285789
364,서울특별시,금천구,PHMA220193170035021200001,파라솔요양병원,"서울특별시 금천구 시흥대로73길 67, 엠타워 7,8,9,14,지하2층 (시흥동)",,,37.4560156,126.8958859
365,서울특별시,금천구,PHMA220033170035021200001,아카시아병원,서울특별시 금천구 시흥대로114길 5 (독산동),37.46810727590315,126.89568081880716,37.4681059,126.8985752
366,서울특별시,금천구,PHMA220073170035021200001,성지병원,서울특별시 금천구 가산로 122 (가산동),37.47654631545137,126.8900206854505,37.476546,126.8929109
367,서울특별시,금천구,PHMA220103170035021200001,새움병원,"서울특별시 금천구 시흥대로139길 8, 새움병원 (독산동)",37.473075924534186,126.8947964791819,37.4729951,126.8976605
368,서울특별시,금천구,PHMA220123170035021200002,성신고려요양병원,서울특별시 금천구 범안로 1191 (독산동),37.46672489379239,126.8911863520371,37.4667245,126.8940765
369,서울특별시,금천구,PHMA220153170035021200001,서울바른세상병원,"서울특별시 금천구 시흥대로 421 (독산동, 건국빌딩)",37.47117312007751,126.89480692830134,37.4710728,126.8977578
370,서울특별시,금천구,PHMA220113170035021200002,녹십자요양병원,"서울특별시 금천구 시흥대로 202, 3,4층 (시흥동, 대의빌딩)",37.4520298776181,126.89909563162162,37.450992,126.9008414
371,서울특별시,금천구,PHMA220113170035021200003,서울대효병원,"서울특별시 금천구 시흥대로 230, 서평빌딩 5,6,7층 (시흥동)",37.45442099136611,126.8983494348063,37.4544206,126.9012396
372,서울특별시,금천구,PHMA220193170035021200002,금천한방병원,"서울특별시 금천구 시흥대로73길 67, 4,6층 (시흥동)",37.45601605884438,126.89299579120848,37.4560156,126.8958859
373,서울특별시,구로구,PHMA220083160034021200001,의료법인 미소들노인전문병원,"서울특별시 구로구 고척로21나길 88-41 (개봉동, 미소들병원)",37.502937062171576,126.83826469680302,37.5029367,126.8411549
374,서울특별시,금천구,PHMA219963170035021200001,구로한방병원,서울특별시 금천구 남부순환로 1398 (독산동),,,37.4799593,126.9061177
375,서울특별시,금천구,PHMA219853170035021200001,희명병원,서울특별시 금천구 시흥대로 244 (시흥동),37.45572364333567,126.89773270359436,37.4557233,126.9006229
376,서울특별시,영등포구,PHMA220003180034021200007,대림성모병원,"서울특별시 영등포구 시흥대로 657 (대림동, 대림성모병원)",37.49057863772219,126.90419885873672,37.4906357,126.9071846
377,서울특별시,영등포구,PHMA220033180034021200003,건양의료재단 김안과병원,서울특별시 영등포구 영신로 136 (영등포동4가),37.51981338305339,126.89850482543086,37.5196247,126.9013986
378,서울특별시,영등포구,PHMA219863180034021200001,가톨릭대학교 여의도성모병원,"서울특별시 영등포구 63로 10, 여의도성모병원 (여의도동)",,,37.5179713,126.936089
379,서울특별시,영등포구,PHMA219923180034021200002,명지성모병원,"서울특별시 영등포구 도림로 156, 명지성모병원 (대림동)",,,37.4939034,126.8992293
380,서울특별시,영등포구,PHMA220193180034021200001,대윤한방병원,"서울특별시 영등포구 영등포로 358, 대윤메디컬센터 지하1층, 2-5층 (신길동)",37.51443438885001,126.91503023067868,37.514434,126.9179204
381,서울특별시,영등포구,PHMA220063180034021200004,마리아성모요양병원,"서울특별시 영등포구 영중로 122 (영등포동8가, 일이빌딩)",37.527145714372615,126.9030277830744,37.5283544,126.9053409
382,서울특별시,영등포구,PHMA220073180034021200001,신화요양병원,서울특별시 영등포구 영중로 100 (영등포동7가),37.52516912055504,126.90299495245372,37.5242915,126.9071195
383,서울특별시,영등포구,PHMA220153180034021200003,새길병원,서울특별시 영등포구 영중로 59 (영등포동6가),37.52167754298335,126.90181467929328,37.5215941,126.9032142
384,서울특별시,영등포구,PHMA219933180034021200001,한림대학교 한강성심병원,"서울특별시 영등포구 버드나루로7길 12 (영등포동7가, 한강성심병원)",37.52317904216413,126.90681834130156,37.523134,126.9096815
385,서울특별시,영등포구,PHMA220093180034021200001,대림요양병원,"서울특별시 영등포구 가마산로 381 (대림동, 한세빌딩)",37.50265054550082,126.89687112393123,37.5026502,126.8997613
386,서울특별시,영등포구,PHMA220153180034021200002,닥터김앤박요양병원,"서울특별시 영등포구 영중로 133, 2~5층 (영등포동8가)",37.52832241951021,126.90247859474994,37.5283544,126.9053409
387,서울특별시,영등포구,PHMA220143180034021200005,대명요양병원,"서울특별시 영등포구 양평로 99, 지하2, 6~9층 (양평동4가, 대명빌딩)",37.536449399974686,126.8931682909998,37.536449,126.8960585
388,서울특별시,영등포구,PHMA220173180034021200001,어울림병원,"서울특별시 영등포구 영등포로 386 (신길동, 동인빌딩)",37.51337118256377,126.91811456677672,37.5132903,126.9209488
389,서울특별시,영등포구,PHMA220113180034021200001,재단법인한국산업보건환경연구소부설 해상병원,서울특별시 영등포구 신길로 173 (신길동),37.50747941324185,126.90778825244922,37.5076056,126.910675
390,서울특별시,영등포구,PHMA220113180034021200004,로하스참사랑요양병원,서울특별시 영등포구 경인로77길 6 (문래동2가),37.5126921796851,126.89048920419258,37.5129107,126.8951669
391,서울특별시,영등포구,PHMA220183180034021200001,서울센트럴요양병원,서울특별시 영등포구 경인로 767 (문래동3가),37.51393455534725,126.89574754634332,37.5172698,126.8957152
392,서울특별시,영등포구,PHMA220143180034021200001,연세베스트요양병원,"서울특별시 영등포구 여의대방로 203 (신길동, 일이빌딩)",37.50535684116317,126.9191191688756,37.5051855,126.9219665
393,서울특별시,동작구,PHMA220013190033021200001,청화병원,서울특별시 동작구 장승배기로 108 (노량진동),37.50714538835415,126.93728294231649,37.507145,126.9401731
394,서울특별시,동작구,PHMA220033190033021200001,정동병원,서울특별시 동작구 양녕로 283 (상도1동),37.50494132879128,126.94659554612927,37.5049528,126.9494449
395,서울특별시,동작구,PHMA220043190033021200001,중앙대학교병원,서울특별시 동작구 흑석로 102 (흑석동),37.50704854535701,126.95797257508184,37.5070482,126.9608627
396,서울특별시,동작구,PHMA220073190033021200001,따뜻한치과병원,"서울특별시 동작구 동작대로 13, 3층 (사당동)",37.47778389526221,126.97829830324552,37.47778350000001,126.9811885
397,서울특별시,동작구,PHMA220103190033021200001,더본병원,서울특별시 동작구 동작대로 67 (사당동),37.4825443650609,126.97857085467314,37.482544,126.981461
398,서울특별시,동작구,PHMA219913190033021200001,서울특별시보라매병원,서울특별시 동작구 보라매로5길 20 (신대방동),37.49377195518772,126.92140601744345,37.4937715,126.9242962
399,서울특별시,동작구,PHMA219933190033021200001,의료법인성석의료재단동작경희병원,서울특별시 동작구 상도로 146 (상도동),37.50253641818418,126.93320945298524,37.5025359,126.9358262
400,서울특별시,동작구,PHMA220183190033021200001,내이처럼치과병원,"서울특별시 동작구 동작대로27다길 26, 2층 (사당동, 사당동 주상복합)",37.48635224235708,126.97734226631246,37.4863519,126.9802325
401,서울특별시,동작구,PHMA220133190033021200001,의료법인덕수의료재단보라매요양병원,서울특별시 동작구 여의대방로 134 (대방동),37.49881302299497,126.9178039209516,37.4988126,126.9206941
402,서울특별시,동작구,PHMA220083190033021200001,연세제일요양병원,"서울특별시 동작구 성대로 43 (상도동, 우리빌딩)",37.49899825731784,126.93078121803092,37.5594218,126.9735536
403,서울특별시,동작구,PHMA220113190033021200001,연세바른병원,"서울특별시 동작구 사당로 300, 2?4층일부및3  층 (사당동, 이수자이)",37.48443230109429,126.9775748840838,37.4844319,126.9804651
404,서울특별시,동작구,PHMA220153190033021200001,기분좋은한방병원,"서울특별시 동작구 여의대방로22길 98, 1,2,3층 (신대방동)",37.497730809626255,126.92250829391962,37.4977304,126.9253985
405,서울특별시,관악구,PHMA220133200033021200001,척편한병원,"서울특별시 관악구 신림로 318, 4,5층 (신림동, 청암두산위브)",37.48260335983132,126.92749548324876,37.482603,126.9303857
406,서울특별시,관악구,PHMA220133200033021200002,조인트힐병원,서울특별시 관악구 난곡로 215 (신림동),37.47373119552846,126.91465695913033,37.4737308,126.9175471
407,서울특별시,관악구,PHMA220103200033021200002,강남초이스병원,"서울특별시 관악구 남부순환로 1796, -1,2~5층 (봉천동, 삼호빌딩)",37.48128978488364,126.94671660624722,37.4812894,126.9496068
408,서울특별시,관악구,PHMA219973200033021200001,사랑의병원,"서울특별시 관악구 남부순환로 1860, -1,1,3,4,5층 (봉천동,  )",37.479649669621054,126.95334067246922,37.47964930000001,126.9562309
409,서울특별시,관악구,PHMA220083200033021200001,미래드림여성병원,서울특별시 관악구 남부순환로 1785 (봉천동),37.48203152988417,126.9457545672272,37.4820311,126.9486448
410,서울특별시,관악구,PHMA220153200033021200001,심정병원,"서울특별시 관악구 남부순환로 1485, 삼남빌딩 2~6층 (신림동)",37.48256399335779,126.9126030853347,37.4825636,126.9154933
411,서울특별시,관악구,PHMA220153200033021200002,관악서울대학교치과병원,"서울특별시 관악구 관악로 1, 지1~3층 (신림동)",37.45335858653242,126.95427232542772,37.4533582,126.9571625
412,서울특별시,관악구,PHMA220143200033021200001,연세건우병원,"서울특별시 관악구 남부순환로 1814, 대연빌딩 3,4,8,9층 (봉천동)",37.48112687205802,126.94868771773014,37.48112649999999,126.9515779
413,서울특별시,관악구,PHMA220183200033021200001,장튼위튼병원,서울특별시 관악구 남부순환로 1867 (봉천동),37.47983649982705,126.9544269005508,37.4798361,126.9573171
414,서울특별시,관악구,PHMA219953200033021200001,강남고려병원,서울특별시 관악구 관악로 242 (봉천동),37.48554681945237,126.95387664073756,37.4855464,126.9567668
415,서울특별시,관악구,PHMA220073200033021200001,강남효요양병원,서울특별시 관악구 남부순환로 1704 (봉천동),37.48301397553674,126.9364636219778,37.4830136,126.9393538
416,서울특별시,서초구,PHMA220083210034021200003,서울탑치과병원,"서울특별시 서초구 효령로 261-1, 4,5,6,7층 (서초동)",37.48460915600456,127.00993296432075,37.4845839,127.0126938
417,서울특별시,서초구,PHMA220103210034021200001,강남요양병원,서울특별시 서초구 서초중앙로 197 (반포동),37.49938836168148,127.00918999290523,37.499388,127.0120802
418,서울특별시,서초구,PHMA220153210034021200001,세바른병원,서울특별시 서초구 서초중앙로 47 (서초동),37.48595499193094,127.01245711397397,37.4859546,127.0153473
419,서울특별시,서초구,PHMA220163210034021200001,의료법인 참예원의료재단 서초참요양병원,"서울특별시 서초구 양재대로 54, 지1,2층, 2~9층 (우면동, 서초참병원)",37.45976636345117,127.02246073741208,37.45976599999999,127.0253509
420,서울특별시,서초구,PHMA220093210034021200003,서울귀한이치과병원,"서울특별시 서초구 잠원로 24, 403,404호 (반포동, 반포자이프라자)",37.50712675411477,127.00695112346207,37.5071264,127.0098413
421,서울특별시,서초구,PHMA220093210034021200006,고도일병원,"서울특별시 서초구 강남대로 505 (반포동, 고도일 병원)",37.50702525784271,127.01987957578956,37.5069637,127.0226847
422,서울특별시,서초구,PHMA220073210034021200001,의료법인 부원의료재단 서초요양병원,서울특별시 서초구 반포대로9길 42 (서초동),37.48312671222888,127.00646237042838,37.4831263,127.0093525
423,서울특별시,서초구,PHMA220143210034021200002,이건목원리한방병원,"서울특별시 서초구 동작대로 196, 1~3층 (방배동)",37.49410249595712,126.98030095140145,37.4941021,126.9831912
424,서울특별시,서초구,PHMA220193210034021200002,모커리한방병원,"서울특별시 서초구 서초대로 338, 프로비스타 지하1층 지상2~8층 (서초동)",37.49481569493015,127.01573881398136,37.4948162,127.0186113
425,서울특별시,강남구,PHMA220093220033021200004,강남을지대학교병원,"서울특별시 강남구 도산대로 202, 강남을지병원 B2~9층 (논현동)",37.51941067299277,127.02569460336802,37.5193936,127.0285771
426,서울특별시,서초구,PHMA220033210034021200002,서울21세기병원,서울특별시 서초구 서초중앙로 39 (서초동),37.4852928756659,127.01284950522044,37.4852925,127.0157397
427,서울특별시,서초구,PHMA220173210034021200001,서초프라임요양병원,서울특별시 서초구 방배천로2길 22 (방배동),37.47672813789822,126.98101584382968,37.4767277,126.983906
428,서울특별시,강남구,PHMA220193220033021200003,미림한방병원,"서울특별시 강남구 도산대로6길 14, 아이올리빌딩 1~4층 (논현동)",37.51572873963482,127.01880728689032,37.5157284,127.0216975
429,서울특별시,강남구,PHMA220183220033021200004,노블케어요양병원,"서울특별시 강남구 언주로 858, 1관, 2관동 (신사동)",37.5269401889993,127.03109248011494,37.5269398,127.0339826
430,서울특별시,강남구,PHMA220123220033021200006,튼튼병원,"서울특별시 강남구 영동대로 713, B1~6층, 7층일부,8층 (청담동)",37.521413286694674,127.05282511753668,37.5214129,127.0557153
431,서울특별시,강남구,PHMA220103220033021200002,아림치과병원,"서울특별시 강남구 테헤란로87길 13 (삼성동, 서영빌딩 14층,15층일부)",37.50863822067431,127.0557245862756,37.5086379,127.0586148
432,서울특별시,강남구,PHMA220173220033021200001,소우주한방병원,서울특별시 강남구 논현로16길 15 (개포동),37.47664822104255,127.04461449002544,37.47664779999999,127.0475046
433,서울특별시,강남구,PHMA220203220033021200002,라이브치과병원,"서울특별시 강남구 논현로105길 48, 1,2층 (역삼동)",37.505595792450336,127.02737496041875,37.5055954,127.0302651
434,서울특별시,강남구,PHMA220113220033021200003,굿라이프치과병원,"서울특별시 강남구 강남대로 476, urbanhive (논현동)",37.50489746279945,127.02188947185758,37.5049014,127.0247767
435,서울특별시,강남구,PHMA220093220033021200002,아이디병원,"서울특별시 강남구 도산대로 142, 아이디병원 B1층,1,2,3층 (논현동)",37.51768518340599,127.02131509082868,37.5176848,127.0242053
436,서울특별시,강남구,PHMA220123220033021200001,광혜병원,"서울특별시 강남구 영동대로86길 9 (대치동, 지하1~2층,2~7층)",37.50830574947927,127.06179673056737,37.5080758,127.0648087
437,서울특별시,강남구,PHMA220093220033021200001,재단법인위담 위담한방병원,"서울특별시 강남구 역삼로 430 (대치동, 2층,3층,5층,6층)",37.50136893977245,127.05122636806178,37.5013686,127.0541166
438,서울특별시,강남구,PHMA220083220033021200007,비에비스나무병원,"서울특별시 강남구 논현로 627, 유현빌딩 지하2,1~9,12층 (논현동)",37.50973492708783,127.02931513093932,37.5136787,127.0317124
439,서울특별시,강남구,PHMA220083220033021200004,메드렉스병원,"서울특별시 강남구 논현로 705, 메드렉스병원 (논현동)",37.51493568291318,127.0269755653992,37.5149727,127.0300131
440,서울특별시,강남구,PHMA219923220033021200001,윤호병원,"서울특별시 강남구 압구정로 304, 윤호병원 (지하1층,지하2층,1층~4층,7층)  (신사동)",37.52885832797925,127.03149443577206,37.5288868,127.0343893
441,서울특별시,강남구,PHMA220083220033021200003,에스플란트치과병원,"서울특별시 강남구 도산대로 410, 3~8층 (청담동)",37.52287799145974,127.03761163031274,37.5228776,127.0405018
442,서울특별시,강남구,PHMA219943220033021200001,서울치과병원,"서울특별시 강남구 언주로165길 5, 3~4층 (신사동)",37.52575878020708,127.02978789961293,37.5255109,127.032136
443,서울특별시,강남구,PHMA220013220033021200001,건강한세상앞선치과병원,"서울특별시 강남구 테헤란로87길 36, 도심공항타워 3층 (삼성동)",37.512521137011326,127.0559292832903,37.51025560000001,127.058472
444,서울특별시,강남구,PHMA220003220033021200002,수치과병원,"서울특별시 강남구 선릉로 823, 3층 (신사동)",37.525609290142,127.03640070645862,37.5256089,127.0392909
445,서울특별시,강남구,PHMA220083220033021200002,토마스병원,"서울특별시 강남구 언주로174길 15, 구정빌딩 (신사동)",37.52848580884005,127.03233427955114,37.5284854,127.0352244
446,서울특별시,강남구,PHMA220133220033021200010,이솝한방병원,"서울특별시 강남구 영동대로96길 34, 대윤빌딩 1층 (삼성동)",37.51122981293695,127.06240369968744,37.5112294,127.0652939
447,서울특별시,강남구,PHMA220073220033021200003,강남유나이티드병원,"서울특별시 강남구 남부순환로 2609, 하늘빌딩, 7~12층 (도곡동) (도곡동)",37.48496507515232,127.03219866321498,37.4849347,127.0351052
448,서울특별시,강남구,PHMA220083220033021200001,수플란트치과병원,"서울특별시 강남구 선릉로 823, 3층 (신사동)",37.525609290142,127.03640070645862,37.5256089,127.0392909
449,서울특별시,강남구,PHMA220133220033021200008,강남제이에스병원,"서울특별시 강남구 도곡로 122, 제이에스빌딩 (도곡동)",37.489930923547824,127.0308472609723,37.48859059999999,127.0452757
450,서울특별시,강남구,PHMA219993220033021200001,호산여성병원,"서울특별시 강남구 언주로 871, 호산병원 (신사동)",37.528549573693816,127.03046997039652,37.5283983,127.0332539
451,서울특별시,강남구,PHMA219943220033021200002,(의)가산의료재단 광동병원,서울특별시 강남구 봉은사로 612 (삼성동),37.51426019122769,127.05924128777195,37.5142598,127.0621315
452,서울특별시,강남구,PHMA219983220033021200002,재단법인대한스포츠의학재단강남나무병원,"서울특별시 강남구 영동대로 225, 경희한방병원 1층일부,2,3,8층 (대치동)",37.49927808410173,127.06478345121198,37.4992777,127.0676736
453,서울특별시,강남구,PHMA220183220033021200002,강남위담한방병원,"서울특별시 강남구 삼성로 402, 지하2층일부, 2~7층 (대치동)",37.50338472306782,127.05599403430332,37.5033843,127.0588842
454,서울특별시,강남구,PHMA220153220033021200001,청담병원,"서울특별시 강남구 삼성로147길 46 (청담동, 청담병원 지하1층, 1층일부, 2층~6층)",37.5206710929427,127.04274913599713,37.5206707,127.0456393
455,서울특별시,강남구,PHMA220033220033021200002,케이에스병원,"서울특별시 강남구 선릉로 571 (역삼동, KS병원)",37.50936430605898,127.04105354300374,37.5092784,127.0439293
456,서울특별시,강남구,PHMA220183220033021200003,청담힐요양병원,"서울특별시 강남구 영동대로 713, 9~14층 (청담동)",37.521413286694674,127.05282511753668,37.5214129,127.0557153
457,서울특별시,강남구,PHMA220073220033021200007,미병원,"서울특별시 강남구 논현로168길 35, 목산빌딩, 지하2층, 3~5층 (신사동)",37.5234818037865,127.02832014244548,37.5234814,127.0312103
458,서울특별시,강남구,PHMA220053220033021200005,김정수여러분병원,"서울특별시 강남구 봉은사로 171 (논현동, 지하1층일부,1-5층,6층일부)",37.50720165127986,127.02969572788297,37.5072013,127.0325859
459,서울특별시,강남구,PHMA220033220033021200004,강남베드로병원,"서울특별시 강남구 남부순환로 2649, 베드로병원 (도곡동)",37.485610912884766,127.03669259067163,37.4853251,127.0377431
460,서울특별시,강남구,PHMA220023220033021200002,연치과병원,"서울특별시 강남구 남부순환로 2941, 대치탑프라자 2층 (대치동)",37.49422721521442,127.05889497301848,37.49422680000001,127.0617852
461,서울특별시,강남구,PHMA220033220033021200001,제일정형외과병원,"서울특별시 강남구 영동대로 726, 경일빌딩1~12층, 14층, 지하1~2층, 지하4~5층 (청담동)",37.52279781694045,127.05328632892945,37.5227974,127.0561765
462,서울특별시,강남구,PHMA220153220033021200004,지앤지병원,"서울특별시 강남구 영동대로 626, 2~10층 (삼성동, GNG병원빌딩)",37.51625799701304,127.0568009696193,37.5162576,127.0596911
463,서울특별시,강남구,PHMA220143220033021200001,의료법인참예원의료재단강남구립행복요양병원,"서울특별시 강남구 헌릉로590길 60 (세곡동, 강남구립 행복요양병원)",37.46114368270429,127.100470177016,37.46114368270429,127.100470177016
464,서울특별시,강남구,PHMA220153220033021200002,담소유병원,"서울특별시 강남구 학동로 234, 담소유빌딩 (논현동)",37.51483579686239,127.0317155799784,37.5148215,127.034601
465,서울특별시,강남구,PHMA220053220033021200002,우리들병원,"서울특별시 강남구 학동로 445, 우리들병원 (청담동)",37.51905202379074,127.04678802358448,37.5189949,127.0495678
466,서울특별시,강남구,PHMA220133220033021200004,소람한방병원,"서울특별시 강남구 봉은사로 468, 지하5~지상16층 (삼성동)",37.51204448101249,127.04805017272628,37.5120441,127.0509403
467,서울특별시,강남구,PHMA220183220033021200007,미니쉬치과병원,"서울특별시 강남구 언주로 728, 2~5,7~10층 (논현동)",37.51985631028603,127.03199575865187,37.5198559,127.0348859
468,서울특별시,강남구,PHMA220073220033021200002,석플란트치과병원,"서울특별시 강남구 도산대로 238, 1~14층 (논현동)",37.52093813938136,127.03032302558954,37.5209378,127.0332132
469,서울특별시,송파구,PHMA220213230034021200003,염창환병원,"서울특별시 송파구 오금로 296, 재정빌딩 지하1층~지상5층 (가락동)",37.50356561489116,127.12236191799153,37.5035652,127.1252521
470,서울특별시,송파구,PHMA219983230034021201575,의료법인정애의료재단서울초이스병원,"서울특별시 송파구 올림픽로 579 (풍납동, 서울초이스병원)",37.53382718674825,127.1182970789942,37.53369420000001,127.1211921
471,서울특별시,송파구,PHMA220143230034021200001,송파미소병원,"서울특별시 송파구 오금로 513, 위례빌딩 (거여동)",37.49322861287904,127.14298994067688,37.4932282,127.1458801
472,서울특별시,송파구,PHMA220133230034021200002,선수촌병원,서울특별시 송파구 올림픽로 76 (잠실동),37.51156669806803,127.07613119424288,37.5115663,127.0790214
473,서울특별시,송파구,PHMA220163230034021200007,혜민안과병원,서울특별시 송파구 중대로 122 (가락동),37.49381987647199,127.11905242119111,37.4938195,127.1219426
474,서울특별시,송파구,PHMA220143230034021200003,더사랑요양병원,"서울특별시 송파구 마천로 227, 보은빌딩 (마천동)",37.50063242891755,127.14024989602908,37.5004903,127.1432053
475,서울특별시,송파구,PHMA220173230034021200003,서재곤링커병원,"서울특별시 송파구 백제고분로 436 (송파동, 서재곤링커병원)",37.509430572710414,127.10909143129244,37.509456,127.1120394
476,서울특별시,강동구,PHMA220143240033021200006,연세미래엔미소치과병원,"서울특별시 강동구 상일로10길 36, 2층 202,203호 (상일동, 세종텔레콤지식산업센터)",37.55075211671221,127.17120780423146,37.5507517,127.174098
477,서울특별시,강동구,PHMA220123240033021200002,강동연세병원,서울특별시 강동구 올림픽로 734 (천호동),37.54678342073903,127.12373817476634,37.546783,127.1266284
478,서울특별시,강동구,PHMA220143240033021200004,리더스병원,서울특별시 강동구 천호대로 1044 (성내동),,,37.5304933,127.128992
479,서울특별시,강동구,PHMA220093240033021200001,조은마디병원,서울특별시 강동구 천호대로170길 19 (성내동),37.53454750892423,127.13044844482695,37.5358991,127.1294535
480,서울특별시,영등포구,PHMA220153180034021200004,서울바른병원,"서울특별시 영등포구 여의대방로 145, 2~7층 (신길동, 세인트빌딩)",37.50030835279979,126.9171294291957,37.5001596,126.919916
481,서울특별시,마포구,PHMA220193130033021200001,마포요양병원,"서울특별시 마포구 성산로4길 33, 마포요양병원 지하1~5층 (성산동)",,,37.5633288,126.9078837
482,서울특별시,마포구,PHMA220163130033021200001,푸르메재단 넥슨어린이재활병원,"서울특별시 마포구 월드컵북로 494, 지하1층~7층 (상암동, 푸르메재단넥슨어린이재활병원)",37.5846618837992,126.8776722926497,37.5846615,126.8805625
483,서울특별시,노원구,PHMA220133100034021200001,노원자생한방병원,"서울특별시 노원구 노해로 507, 7,8층 (상계동, 와우쇼핑몰)",37.655339210707794,127.06087122206104,37.6553388,127.0637614
484,서울특별시,노원구,PHMA220193100034021200002,샤인치과교정과 치과병원,"서울특별시 노원구 노해로 488, 근호빌딩 5층 502호 (상계동)",37.65432111886937,127.05926719073253,37.6543034,127.062181
485,서울특별시,노원구,PHMA220063100034021200001,메디아이여성병원,"서울특별시 노원구 노원로 448 (상계동, 메디아이여성병원)",37.65651907751814,127.06413598611044,37.656415,127.0670533
486,서울특별시,노원구,PHMA220123100034021200001,참튼튼병원,"서울특별시 노원구 노해로 502, 2층, 3층, 5층 (상계동)",37.65445065446013,127.06080129764575,37.6544503,127.0636915
487,서울특별시,양천구,PHMA220103140033021200001,목동자생한방병원,"서울특별시 양천구 신목로 102, 3,5,6층 (목동, 대경프라자)",37.52358863791501,126.8729471528578,37.5235882,126.8758373
488,서울특별시,강북구,PHMA220143080033021200001,서울좋은병원,서울특별시 강북구 도봉로 114 (미아동),37.619290907192514,127.02647811620686,37.6192905,127.0293683
489,서울특별시,노원구,PHMA220193100034021200001,파로스병원,"서울특별시 노원구 노원로 416, 파로스병원 (상계동)",37.65371492394021,127.06500765923678,37.6536221,127.0679029
490,서울특별시,노원구,PHMA220023100034021200002,태능성심요양병원,"서울특별시 노원구 동일로 987, 태릉성심요양병원 (공릉동)",37.61825783759735,127.0721058188026,37.6182575,127.074996
491,서울특별시,구로구,PHMA220193160034021200002,리본병원,"서울특별시 구로구 경인로 393-7, 일이삼전자타운 5,6,7층 (고척동)",37.49745622192137,126.86023695938384,37.4974558,126.8631271
492,서울특별시,중구,PHMA219813010033021200001,의료법인 제일의료재단 제일병원,서울특별시 중구 서애로1길 17 (묵정동),37.561514174481545,126.99627289817391,37.5615138,126.9991631
493,서울특별시,성동구,PHMA220173030033021200001,서울동인병원,서울특별시 성동구 왕십리로 382 (하왕십리동),37.5650410565357,127.02509670989691,37.56398739999999,127.0280247
494,서울특별시,광진구,PHMA220073040033021200001,리안요양병원,서울특별시 광진구 동일로 82-1 (자양동),37.53994280438356,127.06021044814143,37.5338296,127.0639826
495,서울특별시,동대문구,PHMA220143050034021200001,브레인요양병원,서울특별시 동대문구 장한로32길 7 (장안동),,,37.5754787,127.0726056
496,서울특별시,동대문구,PHMA220053050034021200002,경동요양병원,"서울특별시 동대문구 약령시로 124 (청량리동, 지하2~지상10층)",37.5829428813705,127.04087761414858,37.5829425,127.0437678
497,서울특별시,동대문구,PHMA219823050034021200001,동서울병원,서울특별시 동대문구 왕산로 18 (신설동),37.576055006736425,127.02275736910671,37.5779577,127.0261875
498,서울특별시,중랑구,PHMA220073060034021200040,서울선병원,"서울특별시 중랑구 망우로 373 (상봉동, 서울선병원)",,,37.5986475,127.0936499
499,서울특별시,양천구,PHMA220123140033021200001,목동연세요양병원,"서울특별시 양천구 목동로 189, 3~4층 (신정동)",37.52529561395037,126.86121197838806,37.5252952,126.8641022
500,서울특별시,양천구,PHMA220123140033021200004,서울그린치과병원,"서울특별시 양천구 은행정로 5, 401호, 402호 (신정동, 에벤에셀빌딩)",37.52020062765972,126.85672909490606,37.52020030000001,126.8596193
501,서울특별시,도봉구,PHMA220103090033021200002,정병원,서울특별시 도봉구 도봉로 639 (쌍문동),37.66150412647578,127.0388121136905,37.6568022,127.0378874
502,서울특별시,도봉구,PHMA220133090033021200001,정요양병원,"서울특별시 도봉구 도봉로 639, 정병원 5,6층 (쌍문동)",37.661565268500496,127.03895639364146,37.66156489999999,127.0418466
503,서울특별시,노원구,PHMA220173100034021200002,서울스페셜병원,"서울특별시 노원구 동일로197길 11 (공릉동, 공삼빌딩)",37.628481820292016,127.06780020697,37.6211894,127.1006556
504,서울특별시,은평구,PHMA220093110032021200002,노블요양병원,"서울특별시 은평구 응암로 304, 지1, 1~7층 (응암동)",37.598458636940016,126.91832000006174,37.5984583,126.9212102
505,서울특별시,양천구,PHMA220113140033021200001,서울인화요양병원,"서울특별시 양천구 신월로 156, 2,3,4층 (신월동)",37.51734564247146,126.83827010480424,37.5173453,126.8411603
506,서울특별시,양천구,PHMA220183140033021200002,목동성모요양병원,"서울특별시 양천구 오목로 282, 서원빌딩 지하1층~3층층 (목동)",37.525108131533344,126.86564910426011,37.5251077,126.8685393
507,서울특별시,금천구,PHMA220113170035021200001,뉴연세여성병원,서울특별시 금천구 시흥대로 239 (시흥동),37.45529317501401,126.89701861173228,37.4552928,126.8999088
508,서울특별시,강남구,PHMA220113220033021200001,서울특별시서울의료원강남분원,"서울특별시 강남구 봉은사로114길 43, 지하1층~4층 (삼성동)",37.51244917541489,127.06344799124224,37.5124488,127.0663382
509,서울특별시,강서구,PHMA219973150037021200001,더와이즈황병원,"서울특별시 강서구 까치산로 23, 더와이즈황병원 (화곡동)",37.54213201569619,126.8401168635032,37.5421316,126.843007
510,서울특별시,구로구,PHMA220073160034021200001,남부효요양병원,"서울특별시 구로구 남부순환로 1291 (가리봉동, 영진오피스)",37.4789999975426,126.89149971679733,37.4789996,126.8943899
511,서울특별시,구로구,PHMA220073160034021200005,강서효요양병원,"서울특별시 구로구 개봉로19길 3 (개봉동, 강서진료병원)",37.49257366077757,126.85272063078256,37.4939722,126.8534974
512,서울특별시,강북구,PHMA219923080033021200001,성신병원,서울특별시 강북구 도봉로 181 (미아동),37.62494679337323,127.02342596351268,37.6249464,127.0263162
513,서울특별시,영등포구,PHMA220163180034021200001,유디치과병원,"서울특별시 영등포구 국제금융로6길 26, 3층 (여의도동, 한국노총)",37.52194103579973,126.92407774431676,37.5219407,126.9269679
514,서울특별시,영등포구,PHMA220083180034021200003,뉴서울성모요양병원,서울특별시 영등포구 영중로34길 6 (영등포동8가),37.52604980774952,126.90326701871793,37.5261298,126.9067091
515,서울특별시,영등포구,PHMA220153180034021200001,초록나무요양병원,"서울특별시 영등포구 가마산로 368 (대림동, 메디칼빌딩)",37.50123598025613,126.89645165471536,37.5012356,126.8993419
516,서울특별시,서초구,PHMA220103210034021200002,의료법인 명경의료재단 꽃마을한방병원,"서울특별시 서초구 서초중앙로 110, 4,5층 (서초동, 롯데캐슬메디치빌딩)",,,37.4915908,127.0145123
517,서울특별시,강남구,PHMA220193220033021200001,예작병원,"서울특별시 강남구 도곡로 212, 지하2층,지상4~8층 (도곡동)",37.49241159063647,127.03934802446756,37.4924112,127.0422382
518,서울특별시,강남구,PHMA220123220033021200003,이지앤성형외과병원,"서울특별시 강남구 압구정로30길 67 (신사동, 지하1,2층, 지상1층일부, 2,3,4,5층)",37.52294311635866,127.0263127136387,37.5229427,127.0292029
519,서울특별시,강남구,PHMA220153220033021200005,경희한성한방병원,"서울특별시 강남구 논현로 609, 2층, 3층일부,4층 (논현동, 정빌딩)",37.50802913301145,127.03027340113542,37.5080288,127.0331636
520,서울특별시,강남구,PHMA219963220033021200001,에이플러스치과병원,"서울특별시 강남구 언주로 860 (신사동, 4,5,6층일부)",37.52723121319684,127.031033465388,37.5272308,127.0339237
521,서울특별시,강남구,PHMA219993220033021200003,가우디치과병원,"서울특별시 강남구 테헤란로 520, 4층 (대치동, 삼안빌딩)",37.50780556367483,127.05818848883212,37.5078052,127.0610787
522,서울특별시,강남구,PHMA220133220033021200007,요나한방병원,"서울특별시 강남구 남부순환로 2645, 2층 (도곡동, 한독빌딩)",37.485604434948016,127.03623857675689,37.4855458,127.0391047
523,서울특별시,강남구,PHMA220063220033021200002,네모치과병원,"서울특별시 강남구 선릉로90길 10 (대치동, 샹제리제센터 제B동 지하층 202호)",37.50393514829448,127.04713015539076,37.4961775,127.0735895
524,서울특별시,강남구,PHMA220133220033021200002,유디성신치과병원,"서울특별시 강남구 테헤란로 411, 9층 (삼성동)",37.505743824714415,127.04777963065884,37.5057434,127.0506698
525,서울특별시,강남구,PHMA220053220033021200004,마디병원,"서울특별시 강남구 삼성로 646, 마디빌딩, 지하1층~3층, 지상1층~9층 (삼성동)",37.51770431526417,127.0483225628346,37.5177039,127.0512128
526,서울특별시,송파구,PHMA219973230034021201571,시그마치과병원,"서울특별시 송파구 올림픽로 289, 3층 (신천동)",37.51462224861937,127.099630389127,37.5146219,127.1025206
527,서울특별시,강남구,PHMA220183220033021200006,씨티칼리지요양병원,"서울특별시 강남구 선릉로 751, 카로시티Ⅲ (논현동)",37.5218047138403,127.0362244883391,37.5136787,127.0317124
528,서울특별시,송파구,PHMA220173230034021200001,자닮인요양병원,"서울특별시 송파구 송이로 81 (가락동, 르노삼성자동차)",37.498771866022125,127.1174769772277,37.4987715,127.1203672
529,서울특별시,강동구,PHMA220173240033021200002,서울실버한방병원,서울특별시 강동구 진황도로 122 (길동),37.534557073893936,127.13654863517674,37.5345567,127.1394388
530,서울특별시,강동구,PHMA220073240033021200001,러스크강동병원,서울특별시 강동구 양재대로 1596 (명일동),37.5480422007875,127.1408680915735,37.5480418,127.1437583
